-- MySQL dump 10.19  Distrib 10.3.29-MariaDB, for debian-linux-gnu (x86_64)
--
-- Host: localhost    Database: homestead
-- ------------------------------------------------------
-- Server version	10.3.29-MariaDB-0ubuntu0.20.04.1-log

/*!40101 SET @OLD_CHARACTER_SET_CLIENT=@@CHARACTER_SET_CLIENT */;
/*!40101 SET @OLD_CHARACTER_SET_RESULTS=@@CHARACTER_SET_RESULTS */;
/*!40101 SET @OLD_COLLATION_CONNECTION=@@COLLATION_CONNECTION */;
/*!40101 SET NAMES utf8mb4 */;
/*!40103 SET @OLD_TIME_ZONE=@@TIME_ZONE */;
/*!40103 SET TIME_ZONE='+00:00' */;
/*!40014 SET @OLD_UNIQUE_CHECKS=@@UNIQUE_CHECKS, UNIQUE_CHECKS=0 */;
/*!40014 SET @OLD_FOREIGN_KEY_CHECKS=@@FOREIGN_KEY_CHECKS, FOREIGN_KEY_CHECKS=0 */;
/*!40101 SET @OLD_SQL_MODE=@@SQL_MODE, SQL_MODE='NO_AUTO_VALUE_ON_ZERO' */;
/*!40111 SET @OLD_SQL_NOTES=@@SQL_NOTES, SQL_NOTES=0 */;

--
-- Table structure for table `failed_jobs`
--

DROP TABLE IF EXISTS `failed_jobs`;
/*!40101 SET @saved_cs_client     = @@character_set_client */;
/*!40101 SET character_set_client = utf8 */;
CREATE TABLE `failed_jobs` (
  `id` bigint(20) unsigned NOT NULL AUTO_INCREMENT,
  `uuid` varchar(255) COLLATE utf8_unicode_ci NOT NULL,
  `connection` text COLLATE utf8_unicode_ci NOT NULL,
  `queue` text COLLATE utf8_unicode_ci NOT NULL,
  `payload` longtext COLLATE utf8_unicode_ci NOT NULL,
  `exception` longtext COLLATE utf8_unicode_ci NOT NULL,
  `failed_at` timestamp NOT NULL DEFAULT current_timestamp(),
  PRIMARY KEY (`id`),
  UNIQUE KEY `failed_jobs_uuid_unique` (`uuid`)
) ENGINE=InnoDB DEFAULT CHARSET=utf8 COLLATE=utf8_unicode_ci;
/*!40101 SET character_set_client = @saved_cs_client */;

--
-- Dumping data for table `failed_jobs`
--

LOCK TABLES `failed_jobs` WRITE;
/*!40000 ALTER TABLE `failed_jobs` DISABLE KEYS */;
/*!40000 ALTER TABLE `failed_jobs` ENABLE KEYS */;
UNLOCK TABLES;

--
-- Table structure for table `food`
--

DROP TABLE IF EXISTS `food`;
/*!40101 SET @saved_cs_client     = @@character_set_client */;
/*!40101 SET character_set_client = utf8 */;
CREATE TABLE `food` (
  `id` bigint(20) unsigned NOT NULL AUTO_INCREMENT,
  `name` varchar(255) COLLATE utf8_unicode_ci NOT NULL COMMENT '名前',
  `category` varchar(255) COLLATE utf8_unicode_ci NOT NULL COMMENT 'カテゴリ：vegetable,meat,seafood,grain(穀物),fruit,seasoning（調味料）,etc（その他）',
  `favorite` int(11) NOT NULL DEFAULT 0 COMMENT 'お気に入り。昇順。',
  `created_at` timestamp NULL DEFAULT NULL,
  `updated_at` timestamp NULL DEFAULT NULL,
  PRIMARY KEY (`id`)
) ENGINE=InnoDB AUTO_INCREMENT=125 DEFAULT CHARSET=utf8 COLLATE=utf8_unicode_ci;
/*!40101 SET character_set_client = @saved_cs_client */;

--
-- Dumping data for table `food`
--

LOCK TABLES `food` WRITE;
/*!40000 ALTER TABLE `food` DISABLE KEYS */;
INSERT INTO `food` VALUES (1,'豚肉','meat',0,'2021-07-26 04:47:16','2021-07-26 04:47:16'),(2,'卵','etc',0,'2021-07-26 04:47:16','2021-07-26 04:47:16'),(3,'牛乳','etc',0,'2021-07-26 04:47:16','2021-07-26 04:47:16'),(4,'大豆','vegetable',0,'2021-07-26 04:47:16','2021-07-26 04:47:16'),(5,'さけ','seafood',100,'2021-07-26 04:47:16','2021-07-26 04:47:16'),(6,'鰹節','seafood',0,'2021-07-26 04:47:16','2021-07-26 04:47:16'),(7,'いわし','seafood',100,'2021-07-26 04:47:16','2021-07-26 04:47:16'),(8,'さば','seafood',100,'2021-07-26 04:47:16','2021-07-26 04:47:16'),(9,'たら','seafood',100,'2021-07-26 04:47:16','2021-07-26 04:47:16'),(10,'小麦','grain',100,'2021-07-26 04:47:16','2021-07-26 04:47:16'),(11,'いか','seafood',100,'2021-07-26 04:47:16','2021-07-26 04:47:16'),(12,'たこ','seafood',100,'2021-07-26 04:47:16','2021-07-26 04:47:16'),(13,'貝柱','seafood',100,'2021-07-26 04:47:16','2021-07-26 04:47:16'),(14,'干しエビ','seafood',100,'2021-07-26 04:47:16','2021-07-26 04:47:16'),(15,'牛肉','meat',100,'2021-07-26 04:47:16','2021-07-26 04:47:16'),(16,'湯葉','etc',100,'2021-07-26 04:47:16','2021-07-26 04:47:16'),(17,'あじ','seafood',100,'2021-07-26 04:47:16','2021-07-26 04:47:16'),(18,'オリーブ油','etc',100,'2021-07-26 04:47:16','2021-07-26 04:47:16'),(19,'マーガリン','etc',100,'2021-07-26 04:47:16','2021-07-26 04:47:16'),(20,'バター','etc',100,'2021-07-26 04:47:16','2021-07-26 04:47:16'),(21,'マカダミアナッツ','etc',100,'2021-07-26 04:47:16','2021-07-26 04:47:16'),(22,'牛肉','meat',100,'2021-07-26 04:47:16','2021-07-26 04:47:16'),(23,'くるみ','etc',100,'2021-07-26 04:47:16','2021-07-26 04:47:16'),(24,'ココナツパウダー','etc',100,'2021-07-26 04:47:16','2021-07-26 04:47:16'),(25,'ごま','etc',100,'2021-07-26 04:47:16','2021-07-26 04:47:16'),(26,'アーモンド','etc',100,'2021-07-26 04:47:16','2021-07-26 04:47:16'),(27,'ピスタチオ','etc',100,'2021-07-26 04:47:16','2021-07-26 04:47:16'),(28,'ピーナッツ','etc',100,'2021-07-26 04:47:16','2021-07-26 04:47:16'),(29,'鶏肉','meat',0,'2021-07-26 04:47:16','2021-07-26 04:47:16'),(30,'牛脂','etc',100,'2021-07-26 04:47:16','2021-07-26 04:47:16'),(31,'ラード','etc',100,'2021-07-26 04:47:16','2021-07-26 04:47:16'),(32,'チョコレート','etc',100,'2021-07-26 04:47:16','2021-07-26 04:47:16'),(33,'チーズ','etc',100,'2021-07-26 04:47:16','2021-07-26 04:47:16'),(34,'ホイップクリーム','etc',100,'2021-07-26 04:47:16','2021-07-26 04:47:16'),(35,'ツナ缶','seafood',0,'2021-07-26 04:47:16','2021-07-26 04:47:16'),(36,'ポテトチップス','etc',100,'2021-07-26 04:47:16','2021-07-26 04:47:16'),(37,'ラー油','etc',100,'2021-07-26 04:47:16','2021-07-26 04:47:16'),(38,'マヨネーズ','etc',100,'2021-07-26 04:47:16','2021-07-26 04:47:16'),(39,'昆布','seafood',100,'2021-07-26 04:47:16','2021-07-26 04:47:16'),(40,'わかめ','seafood',0,'2021-07-26 04:47:16','2021-07-26 04:47:16'),(41,'うなぎ','seafood',100,'2021-07-26 04:47:16','2021-07-26 04:47:16'),(42,'さわら','seafood',100,'2021-07-26 04:47:16','2021-07-26 04:47:16'),(43,'さんま','seafood',100,'2021-07-26 04:47:16','2021-07-26 04:47:16'),(44,'練乳','etc',100,'2021-07-26 04:47:16','2021-07-26 04:47:16'),(45,'アイスクリーム','etc',100,'2021-07-26 04:47:16','2021-07-26 04:47:16'),(46,'ウィンナー','meat',0,'2021-07-26 04:47:16','2021-07-26 04:47:16'),(47,'からし','etc',100,'2021-07-26 04:47:16','2021-07-26 04:47:16'),(48,'まぐろ','seafood',100,'2021-07-26 04:47:16','2021-07-26 04:47:16'),(49,'のり','seafood',100,'2021-07-26 04:47:16','2021-07-26 04:47:16'),(50,'こしょう','etc',100,'2021-07-26 04:47:16','2021-07-26 04:47:16'),(51,'ひじき','seafood',100,'2021-07-26 04:47:16','2021-07-26 04:47:16'),(52,'たい','seafood',100,'2021-07-26 04:47:16','2021-07-26 04:47:16'),(53,'ぶり','seafood',100,'2021-07-26 04:47:16','2021-07-26 04:47:16'),(54,'そらまめ','vegetable',100,'2021-07-26 04:47:16','2021-07-26 04:47:16'),(55,'しめじ','vegetable',100,'2021-07-26 04:47:16','2021-07-26 04:47:16'),(56,'油揚げ','etc',0,'2021-07-26 04:47:16','2021-07-26 04:47:16'),(57,'おから','etc',100,'2021-07-26 04:47:16','2021-07-26 04:47:16'),(58,'きな粉','etc',100,'2021-07-26 04:47:16','2021-07-26 04:47:16'),(59,'はまち','seafood',100,'2021-07-26 04:47:16','2021-07-26 04:47:16'),(60,'あなご','seafood',100,'2021-07-26 04:47:16','2021-07-26 04:47:16'),(61,'さとう','etc',100,'2021-07-26 04:47:16','2021-07-26 04:47:16'),(62,'黒砂糖','etc',100,'2021-07-26 04:47:16','2021-07-26 04:47:16'),(63,'寒天','seafood',100,'2021-07-26 04:47:16','2021-07-26 04:47:16'),(64,'米','grain',0,'2021-07-26 04:47:16','2021-07-26 04:47:16'),(65,'とうもろこし','vegetable',100,'2021-07-26 04:47:16','2021-07-26 04:47:16'),(66,'じゃがいも','vegetable',100,'2021-07-26 04:47:16','2021-07-26 04:47:16'),(67,'はちみつ','etc',100,'2021-07-26 04:47:16','2021-07-26 04:47:16'),(68,'ココア','etc',100,'2021-07-26 04:47:16','2021-07-26 04:47:16'),(69,'でんぶ','etc',100,'2021-07-26 04:47:16','2021-07-26 04:47:16'),(70,'せんべい・あられ','etc',100,'2021-07-26 04:47:16','2021-07-26 04:47:16'),(71,'こんにゃく','etc',100,'2021-07-26 04:47:16','2021-07-26 04:47:16'),(72,'きくらげ','vegetable',100,'2021-07-26 04:47:16','2021-07-26 04:47:16'),(73,'しいたけ','vegetable',100,'2021-07-26 04:47:16','2021-07-26 04:47:16'),(74,'とうがらし','vegetable',100,'2021-07-26 04:47:16','2021-07-26 04:47:16'),(75,'まいたけ','vegetable',100,'2021-07-26 04:47:16','2021-07-26 04:47:16'),(76,'あんこ','etc',100,'2021-07-26 04:47:16','2021-07-26 04:47:16'),(77,'だいこん','vegetable',0,'2021-07-26 04:47:16','2021-07-26 04:47:16'),(78,'ごぼう','vegetable',100,'2021-07-26 04:47:16','2021-07-26 04:47:16'),(79,'いんげん','vegetable',100,'2021-07-26 04:47:16','2021-07-26 04:47:16'),(80,'にんじん','vegetable',0,'2021-07-26 04:47:16','2021-07-26 04:47:16'),(81,'パプリカ','vegetable',100,'2021-07-26 04:47:16','2021-07-26 04:47:16'),(82,'春菊','vegetable',100,'2021-07-26 04:47:16','2021-07-26 04:47:16'),(83,'大葉','vegetable',100,'2021-07-26 04:47:16','2021-07-26 04:47:16'),(84,'パセリ','vegetable',100,'2021-07-26 04:47:16','2021-07-26 04:47:16'),(85,'ほうれん草','vegetable',100,'2021-07-26 04:47:16','2021-07-26 04:47:16'),(86,'モロヘイヤ','vegetable',100,'2021-07-26 04:47:16','2021-07-26 04:47:16'),(87,'よもぎ','vegetable',100,'2021-07-26 04:47:16','2021-07-26 04:47:16'),(88,'かぼちゃ','vegetable',100,'2021-07-26 04:47:16','2021-07-26 04:47:16'),(89,'ピーマン','vegetable',0,'2021-07-26 04:47:16','2021-07-26 04:47:16'),(90,'いよかん','fruit',100,'2021-07-26 04:47:16','2021-07-26 04:47:16'),(91,'桃','etc',100,'2021-07-26 04:47:16','2021-07-26 04:47:16'),(92,'抹茶','etc',100,'2021-07-26 04:47:16','2021-07-26 04:47:16'),(93,'そば','grain',0,'2021-07-26 04:47:16','2021-07-26 04:47:16'),(94,'味噌','etc',100,'2021-07-26 04:47:16','2021-07-26 04:47:16'),(95,'マヨネーズ','etc',100,'2021-07-26 04:47:16','2021-07-26 04:47:16'),(96,'枝豆','vegetable',100,'2021-07-26 04:47:16','2021-07-26 04:47:16'),(97,'かぶ','vegetable',100,'2021-07-26 04:47:16','2021-07-26 04:47:16'),(98,'にら','vegetable',100,'2021-07-26 04:47:16','2021-07-26 04:47:16'),(99,'小松菜','vegetable',0,'2021-07-26 04:47:16','2021-07-26 04:47:16'),(100,'ブロッコリー','vegetable',100,'2021-07-26 04:47:16','2021-07-26 04:47:16'),(101,'えんどう豆','vegetable',100,'2021-07-26 04:47:16','2021-07-26 04:47:16'),(102,'にんにく','vegetable',0,'2021-07-26 04:47:16','2021-07-26 04:47:16'),(103,'かつお','seafood',100,'2021-07-26 04:47:16','2021-07-26 04:47:16'),(104,'バナナ','fruit',100,'2021-07-26 04:47:16','2021-07-26 04:47:16'),(105,'しょうが','etc',100,'2021-07-26 04:47:16','2021-07-26 04:47:16'),(106,'あさり','seafood',100,'2021-07-26 04:47:16','2021-07-26 04:47:16'),(107,'しじみ','seafood',100,'2021-07-26 04:47:16','2021-07-26 04:47:16'),(108,'はまぐり','seafood',100,'2021-07-26 04:47:16','2021-07-26 04:47:16'),(109,'そら豆','vegetable',100,'2021-07-26 04:47:16','2021-07-26 04:47:16'),(110,'納豆','etc',100,'2021-07-26 04:47:16','2021-07-26 04:47:16'),(111,'カレー粉','etc',100,'2021-07-26 04:47:16','2021-07-26 04:47:16'),(112,'さんしょう','etc',100,'2021-07-26 04:47:16','2021-07-26 04:47:16'),(113,'わさび','etc',100,'2021-07-26 04:47:16','2021-07-26 04:47:16'),(114,'レモン','fruit',100,'2021-07-26 04:47:16','2021-07-26 04:47:16'),(115,'キウイフルーツ','fruit',100,'2021-07-26 04:47:16','2021-07-26 04:47:16'),(116,'梅干し','etc',100,'2021-07-26 04:47:16','2021-07-26 04:47:16'),(117,'昆布茶','etc',100,'2021-07-26 04:47:16','2021-07-26 04:47:16'),(118,'ウスターソース','etc',100,'2021-07-26 04:47:16','2021-07-26 04:47:16'),(119,'豆板醤','etc',100,'2021-07-26 04:47:16','2021-07-26 04:47:16'),(120,'しょうゆ','etc',100,'2021-07-26 04:47:16','2021-07-26 04:47:16'),(121,'塩','etc',100,'2021-07-26 04:47:16','2021-07-26 04:47:16'),(122,'めんつゆ','etc',100,'2021-07-26 04:47:16','2021-07-26 04:47:16'),(123,'オイスターソース','etc',100,'2021-07-26 04:47:16','2021-07-26 04:47:16'),(124,'えび','seafood',100,'2021-07-26 04:47:16','2021-07-26 04:47:16');
/*!40000 ALTER TABLE `food` ENABLE KEYS */;
UNLOCK TABLES;

--
-- Table structure for table `foodnutri`
--

DROP TABLE IF EXISTS `foodnutri`;
/*!40101 SET @saved_cs_client     = @@character_set_client */;
/*!40101 SET character_set_client = utf8 */;
CREATE TABLE `foodnutri` (
  `id` bigint(20) unsigned NOT NULL AUTO_INCREMENT,
  `food_id` varchar(255) COLLATE utf8_unicode_ci NOT NULL COMMENT '食材',
  `nutri_id` varchar(255) COLLATE utf8_unicode_ci NOT NULL COMMENT '栄養素',
  `amount` int(11) NOT NULL DEFAULT 0 COMMENT '含有量：未使用',
  `created_at` timestamp NULL DEFAULT NULL,
  `updated_at` timestamp NULL DEFAULT NULL,
  PRIMARY KEY (`id`)
) ENGINE=InnoDB AUTO_INCREMENT=427 DEFAULT CHARSET=utf8 COLLATE=utf8_unicode_ci;
/*!40101 SET character_set_client = @saved_cs_client */;

--
-- Dumping data for table `foodnutri`
--

LOCK TABLES `foodnutri` WRITE;
/*!40000 ALTER TABLE `foodnutri` DISABLE KEYS */;
INSERT INTO `foodnutri` VALUES (1,'1','1',0,'2021-07-26 04:47:16','2021-07-26 04:47:16'),(2,'1','2',0,'2021-07-26 04:47:16','2021-07-26 04:47:16'),(3,'1','3',0,'2021-07-26 04:47:16','2021-07-26 04:47:16'),(4,'1','4',0,'2021-07-26 04:47:16','2021-07-26 04:47:16'),(5,'1','12',0,'2021-07-26 04:47:16','2021-07-26 04:47:16'),(6,'1','14',0,'2021-07-26 04:47:16','2021-07-26 04:47:16'),(7,'1','16',0,'2021-07-26 04:47:16','2021-07-26 04:47:16'),(8,'1','27',0,'2021-07-26 04:47:16','2021-07-26 04:47:16'),(9,'1','32',0,'2021-07-26 04:47:16','2021-07-26 04:47:16'),(10,'2','1',0,'2021-07-26 04:47:16','2021-07-26 04:47:16'),(11,'2','4',0,'2021-07-26 04:47:16','2021-07-26 04:47:16'),(12,'2','8',0,'2021-07-26 04:47:16','2021-07-26 04:47:16'),(13,'2','18',0,'2021-07-26 04:47:16','2021-07-26 04:47:16'),(14,'2','19',0,'2021-07-26 04:47:16','2021-07-26 04:47:16'),(15,'2','25',0,'2021-07-26 04:47:16','2021-07-26 04:47:16'),(16,'2','31',0,'2021-07-26 04:47:16','2021-07-26 04:47:16'),(17,'3','1',0,'2021-07-26 04:47:16','2021-07-26 04:47:16'),(18,'3','8',0,'2021-07-26 04:47:16','2021-07-26 04:47:16'),(19,'3','13',0,'2021-07-26 04:47:16','2021-07-26 04:47:16'),(20,'3','23',0,'2021-07-26 04:47:16','2021-07-26 04:47:16'),(21,'3','25',0,'2021-07-26 04:47:16','2021-07-26 04:47:16'),(22,'4','1',0,'2021-07-26 04:47:16','2021-07-26 04:47:16'),(23,'4','4',0,'2021-07-26 04:47:16','2021-07-26 04:47:16'),(24,'4','5',0,'2021-07-26 04:47:16','2021-07-26 04:47:16'),(25,'4','7',0,'2021-07-26 04:47:16','2021-07-26 04:47:16'),(26,'4','10',0,'2021-07-26 04:47:16','2021-07-26 04:47:16'),(27,'4','11',0,'2021-07-26 04:47:16','2021-07-26 04:47:16'),(28,'4','12',0,'2021-07-26 04:47:16','2021-07-26 04:47:16'),(29,'4','17',0,'2021-07-26 04:47:16','2021-07-26 04:47:16'),(30,'4','19',0,'2021-07-26 04:47:16','2021-07-26 04:47:16'),(31,'4','21',0,'2021-07-26 04:47:16','2021-07-26 04:47:16'),(32,'4','22',0,'2021-07-26 04:47:16','2021-07-26 04:47:16'),(33,'4','23',0,'2021-07-26 04:47:16','2021-07-26 04:47:16'),(34,'4','24',0,'2021-07-26 04:47:16','2021-07-26 04:47:16'),(35,'4','25',0,'2021-07-26 04:47:16','2021-07-26 04:47:16'),(36,'4','26',0,'2021-07-26 04:47:16','2021-07-26 04:47:16'),(37,'4','27',0,'2021-07-26 04:47:16','2021-07-26 04:47:16'),(38,'4','28',0,'2021-07-26 04:47:16','2021-07-26 04:47:16'),(39,'4','29',0,'2021-07-26 04:47:16','2021-07-26 04:47:16'),(40,'4','33',0,'2021-07-26 04:47:16','2021-07-26 04:47:16'),(41,'5','1',0,'2021-07-26 04:47:16','2021-07-26 04:47:16'),(42,'5','4',0,'2021-07-26 04:47:16','2021-07-26 04:47:16'),(43,'5','5',0,'2021-07-26 04:47:16','2021-07-26 04:47:16'),(44,'5','8',0,'2021-07-26 04:47:16','2021-07-26 04:47:16'),(45,'5','9',0,'2021-07-26 04:47:16','2021-07-26 04:47:16'),(46,'5','14',0,'2021-07-26 04:47:16','2021-07-26 04:47:16'),(47,'6','1',0,'2021-07-26 04:47:16','2021-07-26 04:47:16'),(48,'6','9',0,'2021-07-26 04:47:16','2021-07-26 04:47:16'),(49,'6','15',0,'2021-07-26 04:47:16','2021-07-26 04:47:16'),(50,'6','31',0,'2021-07-26 04:47:16','2021-07-26 04:47:16'),(51,'7','1',0,'2021-07-26 04:47:16','2021-07-26 04:47:16'),(52,'7','4',0,'2021-07-26 04:47:16','2021-07-26 04:47:16'),(53,'7','5',0,'2021-07-26 04:47:16','2021-07-26 04:47:16'),(54,'7','8',0,'2021-07-26 04:47:16','2021-07-26 04:47:16'),(55,'7','9',0,'2021-07-26 04:47:16','2021-07-26 04:47:16'),(56,'7','14',0,'2021-07-26 04:47:16','2021-07-26 04:47:16'),(57,'7','15',0,'2021-07-26 04:47:16','2021-07-26 04:47:16'),(58,'7','16',0,'2021-07-26 04:47:16','2021-07-26 04:47:16'),(59,'7','17',0,'2021-07-26 04:47:16','2021-07-26 04:47:16'),(60,'7','24',0,'2021-07-26 04:47:16','2021-07-26 04:47:16'),(61,'7','25',0,'2021-07-26 04:47:16','2021-07-26 04:47:16'),(62,'7','27',0,'2021-07-26 04:47:16','2021-07-26 04:47:16'),(63,'8','1',0,'2021-07-26 04:47:16','2021-07-26 04:47:16'),(64,'8','4',0,'2021-07-26 04:47:16','2021-07-26 04:47:16'),(65,'8','5',0,'2021-07-26 04:47:16','2021-07-26 04:47:16'),(66,'8','13',0,'2021-07-26 04:47:16','2021-07-26 04:47:16'),(67,'8','15',0,'2021-07-26 04:47:16','2021-07-26 04:47:16'),(68,'8','16',0,'2021-07-26 04:47:16','2021-07-26 04:47:16'),(69,'8','30',0,'2021-07-26 04:47:16','2021-07-26 04:47:16'),(70,'8','31',0,'2021-07-26 04:47:16','2021-07-26 04:47:16'),(71,'9','1',0,'2021-07-26 04:47:16','2021-07-26 04:47:16'),(72,'9','5',0,'2021-07-26 04:47:16','2021-07-26 04:47:16'),(73,'9','8',0,'2021-07-26 04:47:16','2021-07-26 04:47:16'),(74,'9','15',0,'2021-07-26 04:47:16','2021-07-26 04:47:16'),(75,'10','1',0,'2021-07-26 04:47:16','2021-07-26 04:47:16'),(76,'10','10',0,'2021-07-26 04:47:16','2021-07-26 04:47:16'),(77,'10','12',0,'2021-07-26 04:47:16','2021-07-26 04:47:16'),(78,'10','13',0,'2021-07-26 04:47:16','2021-07-26 04:47:16'),(79,'10','17',0,'2021-07-26 04:47:16','2021-07-26 04:47:16'),(80,'10','21',0,'2021-07-26 04:47:16','2021-07-26 04:47:16'),(81,'10','24',0,'2021-07-26 04:47:16','2021-07-26 04:47:16'),(82,'10','25',0,'2021-07-26 04:47:16','2021-07-26 04:47:16'),(83,'10','26',0,'2021-07-26 04:47:16','2021-07-26 04:47:16'),(84,'10','27',0,'2021-07-26 04:47:16','2021-07-26 04:47:16'),(85,'10','29',0,'2021-07-26 04:47:16','2021-07-26 04:47:16'),(86,'10','31',0,'2021-07-26 04:47:16','2021-07-26 04:47:16'),(87,'11','1',0,'2021-07-26 04:47:16','2021-07-26 04:47:16'),(88,'11','15',0,'2021-07-26 04:47:16','2021-07-26 04:47:16'),(89,'11','25',0,'2021-07-26 04:47:16','2021-07-26 04:47:16'),(90,'11','27',0,'2021-07-26 04:47:16','2021-07-26 04:47:16'),(91,'12','1',0,'2021-07-26 04:47:16','2021-07-26 04:47:16'),(92,'13','1',0,'2021-07-26 04:47:16','2021-07-26 04:47:16'),(93,'14','1',0,'2021-07-26 04:47:16','2021-07-26 04:47:16'),(94,'14','17',0,'2021-07-26 04:47:16','2021-07-26 04:47:16'),(95,'14','21',0,'2021-07-26 04:47:16','2021-07-26 04:47:16'),(96,'14','23',0,'2021-07-26 04:47:16','2021-07-26 04:47:16'),(97,'14','25',0,'2021-07-26 04:47:16','2021-07-26 04:47:16'),(98,'14','26',0,'2021-07-26 04:47:16','2021-07-26 04:47:16'),(99,'14','28',0,'2021-07-26 04:47:16','2021-07-26 04:47:16'),(100,'14','29',0,'2021-07-26 04:47:16','2021-07-26 04:47:16'),(101,'15','1',0,'2021-07-26 04:47:16','2021-07-26 04:47:16'),(102,'15','4',0,'2021-07-26 04:47:16','2021-07-26 04:47:16'),(103,'15','5',0,'2021-07-26 04:47:16','2021-07-26 04:47:16'),(104,'15','27',0,'2021-07-26 04:47:16','2021-07-26 04:47:16'),(105,'16','1',0,'2021-07-26 04:47:16','2021-07-26 04:47:16'),(106,'17','1',0,'2021-07-26 04:47:16','2021-07-26 04:47:16'),(107,'17','16',0,'2021-07-26 04:47:16','2021-07-26 04:47:16'),(108,'18','2',0,'2021-07-26 04:47:16','2021-07-26 04:47:16'),(109,'19','2',0,'2021-07-26 04:47:16','2021-07-26 04:47:16'),(110,'19','3',0,'2021-07-26 04:47:16','2021-07-26 04:47:16'),(111,'19','4',0,'2021-07-26 04:47:16','2021-07-26 04:47:16'),(112,'19','10',0,'2021-07-26 04:47:16','2021-07-26 04:47:16'),(113,'20','2',0,'2021-07-26 04:47:16','2021-07-26 04:47:16'),(114,'20','3',0,'2021-07-26 04:47:16','2021-07-26 04:47:16'),(115,'20','5',0,'2021-07-26 04:47:16','2021-07-26 04:47:16'),(116,'20','8',0,'2021-07-26 04:47:16','2021-07-26 04:47:16'),(117,'21','2',0,'2021-07-26 04:47:16','2021-07-26 04:47:16'),(118,'22','2',0,'2021-07-26 04:47:16','2021-07-26 04:47:16'),(119,'22','3',0,'2021-07-26 04:47:16','2021-07-26 04:47:16'),(120,'23','2',0,'2021-07-26 04:47:16','2021-07-26 04:47:16'),(121,'24','2',0,'2021-07-26 04:47:16','2021-07-26 04:47:16'),(122,'24','3',0,'2021-07-26 04:47:16','2021-07-26 04:47:16'),(123,'25','2',0,'2021-07-26 04:47:16','2021-07-26 04:47:16'),(124,'25','4',0,'2021-07-26 04:47:16','2021-07-26 04:47:16'),(125,'25','10',0,'2021-07-26 04:47:16','2021-07-26 04:47:16'),(126,'25','12',0,'2021-07-26 04:47:16','2021-07-26 04:47:16'),(127,'25','14',0,'2021-07-26 04:47:16','2021-07-26 04:47:16'),(128,'25','23',0,'2021-07-26 04:47:16','2021-07-26 04:47:16'),(129,'25','25',0,'2021-07-26 04:47:16','2021-07-26 04:47:16'),(130,'25','26',0,'2021-07-26 04:47:16','2021-07-26 04:47:16'),(131,'25','27',0,'2021-07-26 04:47:16','2021-07-26 04:47:16'),(132,'25','28',0,'2021-07-26 04:47:16','2021-07-26 04:47:16'),(133,'25','29',0,'2021-07-26 04:47:16','2021-07-26 04:47:16'),(134,'25','33',0,'2021-07-26 04:47:16','2021-07-26 04:47:16'),(135,'26','2',0,'2021-07-26 04:47:16','2021-07-26 04:47:16'),(136,'26','4',0,'2021-07-26 04:47:16','2021-07-26 04:47:16'),(137,'26','10',0,'2021-07-26 04:47:16','2021-07-26 04:47:16'),(138,'26','13',0,'2021-07-26 04:47:16','2021-07-26 04:47:16'),(139,'26','19',0,'2021-07-26 04:47:16','2021-07-26 04:47:16'),(140,'26','24',0,'2021-07-26 04:47:16','2021-07-26 04:47:16'),(141,'26','28',0,'2021-07-26 04:47:16','2021-07-26 04:47:16'),(142,'27','2',0,'2021-07-26 04:47:16','2021-07-26 04:47:16'),(143,'27','4',0,'2021-07-26 04:47:16','2021-07-26 04:47:16'),(144,'27','10',0,'2021-07-26 04:47:16','2021-07-26 04:47:16'),(145,'27','28',0,'2021-07-26 04:47:16','2021-07-26 04:47:16'),(146,'28','2',0,'2021-07-26 04:47:16','2021-07-26 04:47:16'),(147,'28','4',0,'2021-07-26 04:47:16','2021-07-26 04:47:16'),(148,'28','10',0,'2021-07-26 04:47:16','2021-07-26 04:47:16'),(149,'28','12',0,'2021-07-26 04:47:16','2021-07-26 04:47:16'),(150,'28','16',0,'2021-07-26 04:47:16','2021-07-26 04:47:16'),(151,'28','18',0,'2021-07-26 04:47:16','2021-07-26 04:47:16'),(152,'28','29',0,'2021-07-26 04:47:16','2021-07-26 04:47:16'),(153,'28','33',0,'2021-07-26 04:47:16','2021-07-26 04:47:16'),(154,'29','2',0,'2021-07-26 04:47:16','2021-07-26 04:47:16'),(155,'29','4',0,'2021-07-26 04:47:16','2021-07-26 04:47:16'),(156,'29','14',0,'2021-07-26 04:47:16','2021-07-26 04:47:16'),(157,'29','16',0,'2021-07-26 04:47:16','2021-07-26 04:47:16'),(158,'29','18',0,'2021-07-26 04:47:16','2021-07-26 04:47:16'),(159,'29','19',0,'2021-07-26 04:47:16','2021-07-26 04:47:16'),(160,'30','3',0,'2021-07-26 04:47:16','2021-07-26 04:47:16'),(161,'31','3',0,'2021-07-26 04:47:16','2021-07-26 04:47:16'),(162,'32','3',0,'2021-07-26 04:47:16','2021-07-26 04:47:16'),(163,'33','3',0,'2021-07-26 04:47:16','2021-07-26 04:47:16'),(164,'33','8',0,'2021-07-26 04:47:16','2021-07-26 04:47:16'),(165,'33','23',0,'2021-07-26 04:47:16','2021-07-26 04:47:16'),(166,'33','25',0,'2021-07-26 04:47:16','2021-07-26 04:47:16'),(167,'34','3',0,'2021-07-26 04:47:16','2021-07-26 04:47:16'),(168,'34','8',0,'2021-07-26 04:47:16','2021-07-26 04:47:16'),(169,'35','4',0,'2021-07-26 04:47:16','2021-07-26 04:47:16'),(170,'35','10',0,'2021-07-26 04:47:16','2021-07-26 04:47:16'),(171,'36','4',0,'2021-07-26 04:47:16','2021-07-26 04:47:16'),(172,'37','4',0,'2021-07-26 04:47:16','2021-07-26 04:47:16'),(173,'37','10',0,'2021-07-26 04:47:16','2021-07-26 04:47:16'),(174,'38','4',0,'2021-07-26 04:47:16','2021-07-26 04:47:16'),(175,'39','4',0,'2021-07-26 04:47:16','2021-07-26 04:47:16'),(176,'39','7',0,'2021-07-26 04:47:16','2021-07-26 04:47:16'),(177,'39','17',0,'2021-07-26 04:47:16','2021-07-26 04:47:16'),(178,'39','21',0,'2021-07-26 04:47:16','2021-07-26 04:47:16'),(179,'39','22',0,'2021-07-26 04:47:16','2021-07-26 04:47:16'),(180,'39','23',0,'2021-07-26 04:47:16','2021-07-26 04:47:16'),(181,'39','24',0,'2021-07-26 04:47:16','2021-07-26 04:47:16'),(182,'39','26',0,'2021-07-26 04:47:16','2021-07-26 04:47:16'),(183,'39','30',0,'2021-07-26 04:47:16','2021-07-26 04:47:16'),(184,'40','4',0,'2021-07-26 04:47:16','2021-07-26 04:47:16'),(185,'40','5',0,'2021-07-26 04:47:16','2021-07-26 04:47:16'),(186,'40','7',0,'2021-07-26 04:47:16','2021-07-26 04:47:16'),(187,'40','8',0,'2021-07-26 04:47:16','2021-07-26 04:47:16'),(188,'40','13',0,'2021-07-26 04:47:16','2021-07-26 04:47:16'),(189,'40','17',0,'2021-07-26 04:47:16','2021-07-26 04:47:16'),(190,'40','21',0,'2021-07-26 04:47:16','2021-07-26 04:47:16'),(191,'40','22',0,'2021-07-26 04:47:16','2021-07-26 04:47:16'),(192,'40','23',0,'2021-07-26 04:47:16','2021-07-26 04:47:16'),(193,'40','24',0,'2021-07-26 04:47:16','2021-07-26 04:47:16'),(194,'40','30',0,'2021-07-26 04:47:16','2021-07-26 04:47:16'),(195,'40','32',0,'2021-07-26 04:47:16','2021-07-26 04:47:16'),(196,'41','4',0,'2021-07-26 04:47:16','2021-07-26 04:47:16'),(197,'41','5',0,'2021-07-26 04:47:16','2021-07-26 04:47:16'),(198,'41','8',0,'2021-07-26 04:47:16','2021-07-26 04:47:16'),(199,'41','12',0,'2021-07-26 04:47:16','2021-07-26 04:47:16'),(200,'41','13',0,'2021-07-26 04:47:16','2021-07-26 04:47:16'),(201,'41','18',0,'2021-07-26 04:47:16','2021-07-26 04:47:16'),(202,'42','4',0,'2021-07-26 04:47:16','2021-07-26 04:47:16'),(203,'43','4',0,'2021-07-26 04:47:16','2021-07-26 04:47:16'),(204,'43','5',0,'2021-07-26 04:47:16','2021-07-26 04:47:16'),(205,'43','15',0,'2021-07-26 04:47:16','2021-07-26 04:47:16'),(206,'44','4',0,'2021-07-26 04:47:16','2021-07-26 04:47:16'),(207,'45','4',0,'2021-07-26 04:47:16','2021-07-26 04:47:16'),(208,'46','1',0,'2021-07-26 04:47:16','2021-07-26 04:47:16'),(209,'46','2',0,'2021-07-26 04:47:16','2021-07-26 04:47:16'),(210,'46','3',0,'2021-07-26 04:47:16','2021-07-26 04:47:16'),(211,'46','4',0,'2021-07-26 04:47:16','2021-07-26 04:47:16'),(212,'47','4',0,'2021-07-26 04:47:16','2021-07-26 04:47:16'),(213,'47','5',0,'2021-07-26 04:47:16','2021-07-26 04:47:16'),(214,'47','12',0,'2021-07-26 04:47:16','2021-07-26 04:47:16'),(215,'47','19',0,'2021-07-26 04:47:16','2021-07-26 04:47:16'),(216,'47','21',0,'2021-07-26 04:47:16','2021-07-26 04:47:16'),(217,'47','24',0,'2021-07-26 04:47:16','2021-07-26 04:47:16'),(218,'47','25',0,'2021-07-26 04:47:16','2021-07-26 04:47:16'),(219,'47','26',0,'2021-07-26 04:47:16','2021-07-26 04:47:16'),(220,'47','27',0,'2021-07-26 04:47:16','2021-07-26 04:47:16'),(221,'47','31',0,'2021-07-26 04:47:16','2021-07-26 04:47:16'),(222,'47','33',0,'2021-07-26 04:47:16','2021-07-26 04:47:16'),(223,'48','4',0,'2021-07-26 04:47:16','2021-07-26 04:47:16'),(224,'48','5',0,'2021-07-26 04:47:16','2021-07-26 04:47:16'),(225,'48','8',0,'2021-07-26 04:47:16','2021-07-26 04:47:16'),(226,'48','14',0,'2021-07-26 04:47:16','2021-07-26 04:47:16'),(227,'48','16',0,'2021-07-26 04:47:16','2021-07-26 04:47:16'),(228,'48','31',0,'2021-07-26 04:47:16','2021-07-26 04:47:16'),(229,'49','4',0,'2021-07-26 04:47:16','2021-07-26 04:47:16'),(230,'49','5',0,'2021-07-26 04:47:16','2021-07-26 04:47:16'),(231,'49','7',0,'2021-07-26 04:47:16','2021-07-26 04:47:16'),(232,'49','8',0,'2021-07-26 04:47:16','2021-07-26 04:47:16'),(233,'49','11',0,'2021-07-26 04:47:16','2021-07-26 04:47:16'),(234,'49','13',0,'2021-07-26 04:47:16','2021-07-26 04:47:16'),(235,'49','14',0,'2021-07-26 04:47:16','2021-07-26 04:47:16'),(236,'49','15',0,'2021-07-26 04:47:16','2021-07-26 04:47:16'),(237,'49','16',0,'2021-07-26 04:47:16','2021-07-26 04:47:16'),(238,'49','17',0,'2021-07-26 04:47:16','2021-07-26 04:47:16'),(239,'49','19',0,'2021-07-26 04:47:16','2021-07-26 04:47:16'),(240,'49','20',0,'2021-07-26 04:47:16','2021-07-26 04:47:16'),(241,'49','25',0,'2021-07-26 04:47:16','2021-07-26 04:47:16'),(242,'49','26',0,'2021-07-26 04:47:16','2021-07-26 04:47:16'),(243,'49','29',0,'2021-07-26 04:47:16','2021-07-26 04:47:16'),(244,'50','4',0,'2021-07-26 04:47:16','2021-07-26 04:47:16'),(245,'50','5',0,'2021-07-26 04:47:16','2021-07-26 04:47:16'),(246,'50','26',0,'2021-07-26 04:47:16','2021-07-26 04:47:16'),(247,'50','28',0,'2021-07-26 04:47:16','2021-07-26 04:47:16'),(248,'50','29',0,'2021-07-26 04:47:16','2021-07-26 04:47:16'),(249,'50','32',0,'2021-07-26 04:47:16','2021-07-26 04:47:16'),(250,'51','4',0,'2021-07-26 04:47:16','2021-07-26 04:47:16'),(251,'51','7',0,'2021-07-26 04:47:16','2021-07-26 04:47:16'),(252,'51','11',0,'2021-07-26 04:47:16','2021-07-26 04:47:16'),(253,'51','22',0,'2021-07-26 04:47:16','2021-07-26 04:47:16'),(254,'51','26',0,'2021-07-26 04:47:16','2021-07-26 04:47:16'),(255,'51','30',0,'2021-07-26 04:47:16','2021-07-26 04:47:16'),(256,'51','32',0,'2021-07-26 04:47:16','2021-07-26 04:47:16'),(257,'52','4',0,'2021-07-26 04:47:16','2021-07-26 04:47:16'),(258,'52','5',0,'2021-07-26 04:47:16','2021-07-26 04:47:16'),(259,'53','4',0,'2021-07-26 04:47:16','2021-07-26 04:47:16'),(260,'53','5',0,'2021-07-26 04:47:16','2021-07-26 04:47:16'),(261,'53','31',0,'2021-07-26 04:47:16','2021-07-26 04:47:16'),(262,'54','5',0,'2021-07-26 04:47:16','2021-07-26 04:47:16'),(263,'54','28',0,'2021-07-26 04:47:16','2021-07-26 04:47:16'),(264,'54','33',0,'2021-07-26 04:47:16','2021-07-26 04:47:16'),(265,'55','5',0,'2021-07-26 04:47:16','2021-07-26 04:47:16'),(266,'55','18',0,'2021-07-26 04:47:16','2021-07-26 04:47:16'),(267,'56','5',0,'2021-07-26 04:47:16','2021-07-26 04:47:16'),(268,'57','5',0,'2021-07-26 04:47:16','2021-07-26 04:47:16'),(269,'58','5',0,'2021-07-26 04:47:16','2021-07-26 04:47:16'),(270,'58','10',0,'2021-07-26 04:47:16','2021-07-26 04:47:16'),(271,'58','19',0,'2021-07-26 04:47:16','2021-07-26 04:47:16'),(272,'58','29',0,'2021-07-26 04:47:16','2021-07-26 04:47:16'),(273,'58','32',0,'2021-07-26 04:47:16','2021-07-26 04:47:16'),(274,'59','5',0,'2021-07-26 04:47:16','2021-07-26 04:47:16'),(275,'60','5',0,'2021-07-26 04:47:16','2021-07-26 04:47:16'),(276,'60','8',0,'2021-07-26 04:47:16','2021-07-26 04:47:16'),(277,'61','6',0,'2021-07-26 04:47:16','2021-07-26 04:47:16'),(278,'62','6',0,'2021-07-26 04:47:16','2021-07-26 04:47:16'),(279,'62','19',0,'2021-07-26 04:47:16','2021-07-26 04:47:16'),(280,'63','6',0,'2021-07-26 04:47:16','2021-07-26 04:47:16'),(281,'63','7',0,'2021-07-26 04:47:16','2021-07-26 04:47:16'),(282,'64','6',0,'2021-07-26 04:47:16','2021-07-26 04:47:16'),(283,'65','6',0,'2021-07-26 04:47:16','2021-07-26 04:47:16'),(284,'65','8',0,'2021-07-26 04:47:16','2021-07-26 04:47:16'),(285,'66','6',0,'2021-07-26 04:47:16','2021-07-26 04:47:16'),(286,'66','14',0,'2021-07-26 04:47:16','2021-07-26 04:47:16'),(287,'67','6',0,'2021-07-26 04:47:16','2021-07-26 04:47:16'),(288,'68','6',0,'2021-07-26 04:47:16','2021-07-26 04:47:16'),(289,'69','6',0,'2021-07-26 04:47:16','2021-07-26 04:47:16'),(290,'70','6',0,'2021-07-26 04:47:16','2021-07-26 04:47:16'),(291,'71','7',0,'2021-07-26 04:47:16','2021-07-26 04:47:16'),(292,'71','14',0,'2021-07-26 04:47:16','2021-07-26 04:47:16'),(293,'71','22',0,'2021-07-26 04:47:16','2021-07-26 04:47:16'),(294,'71','23',0,'2021-07-26 04:47:16','2021-07-26 04:47:16'),(295,'71','26',0,'2021-07-26 04:47:16','2021-07-26 04:47:16'),(296,'72','7',0,'2021-07-26 04:47:16','2021-07-26 04:47:16'),(297,'72','9',0,'2021-07-26 04:47:16','2021-07-26 04:47:16'),(298,'72','13',0,'2021-07-26 04:47:16','2021-07-26 04:47:16'),(299,'72','19',0,'2021-07-26 04:47:16','2021-07-26 04:47:16'),(300,'72','26',0,'2021-07-26 04:47:16','2021-07-26 04:47:16'),(301,'72','29',0,'2021-07-26 04:47:16','2021-07-26 04:47:16'),(302,'72','32',0,'2021-07-26 04:47:16','2021-07-26 04:47:16'),(303,'73','7',0,'2021-07-26 04:47:16','2021-07-26 04:47:16'),(304,'73','13',0,'2021-07-26 04:47:16','2021-07-26 04:47:16'),(305,'73','16',0,'2021-07-26 04:47:16','2021-07-26 04:47:16'),(306,'73','17',0,'2021-07-26 04:47:16','2021-07-26 04:47:16'),(307,'73','18',0,'2021-07-26 04:47:16','2021-07-26 04:47:16'),(308,'73','19',0,'2021-07-26 04:47:16','2021-07-26 04:47:16'),(309,'73','22',0,'2021-07-26 04:47:16','2021-07-26 04:47:16'),(310,'74','7',0,'2021-07-26 04:47:16','2021-07-26 04:47:16'),(311,'74','8',0,'2021-07-26 04:47:16','2021-07-26 04:47:16'),(312,'74','10',0,'2021-07-26 04:47:16','2021-07-26 04:47:16'),(313,'74','13',0,'2021-07-26 04:47:16','2021-07-26 04:47:16'),(314,'74','16',0,'2021-07-26 04:47:16','2021-07-26 04:47:16'),(315,'74','18',0,'2021-07-26 04:47:16','2021-07-26 04:47:16'),(316,'74','19',0,'2021-07-26 04:47:16','2021-07-26 04:47:16'),(317,'74','20',0,'2021-07-26 04:47:16','2021-07-26 04:47:16'),(318,'74','22',0,'2021-07-26 04:47:16','2021-07-26 04:47:16'),(319,'74','26',0,'2021-07-26 04:47:16','2021-07-26 04:47:16'),(320,'74','28',0,'2021-07-26 04:47:16','2021-07-26 04:47:16'),(321,'74','32',0,'2021-07-26 04:47:16','2021-07-26 04:47:16'),(322,'75','7',0,'2021-07-26 04:47:16','2021-07-26 04:47:16'),(323,'75','12',0,'2021-07-26 04:47:16','2021-07-26 04:47:16'),(324,'75','13',0,'2021-07-26 04:47:16','2021-07-26 04:47:16'),(325,'75','16',0,'2021-07-26 04:47:16','2021-07-26 04:47:16'),(326,'75','18',0,'2021-07-26 04:47:16','2021-07-26 04:47:16'),(327,'75','19',0,'2021-07-26 04:47:16','2021-07-26 04:47:16'),(328,'75','27',0,'2021-07-26 04:47:16','2021-07-26 04:47:16'),(329,'75','28',0,'2021-07-26 04:47:16','2021-07-26 04:47:16'),(330,'76','7',0,'2021-07-26 04:47:16','2021-07-26 04:47:16'),(331,'77','7',0,'2021-07-26 04:47:16','2021-07-26 04:47:16'),(332,'77','22',0,'2021-07-26 04:47:16','2021-07-26 04:47:16'),(333,'78','7',0,'2021-07-26 04:47:16','2021-07-26 04:47:16'),(334,'79','8',0,'2021-07-26 04:47:16','2021-07-26 04:47:16'),(335,'79','33',0,'2021-07-26 04:47:16','2021-07-26 04:47:16'),(336,'80','8',0,'2021-07-26 04:47:16','2021-07-26 04:47:16'),(337,'81','8',0,'2021-07-26 04:47:16','2021-07-26 04:47:16'),(338,'82','8',0,'2021-07-26 04:47:16','2021-07-26 04:47:16'),(339,'82','11',0,'2021-07-26 04:47:16','2021-07-26 04:47:16'),(340,'83','8',0,'2021-07-26 04:47:16','2021-07-26 04:47:16'),(341,'83','11',0,'2021-07-26 04:47:16','2021-07-26 04:47:16'),(342,'84','8',0,'2021-07-26 04:47:16','2021-07-26 04:47:16'),(343,'85','8',0,'2021-07-26 04:47:16','2021-07-26 04:47:16'),(344,'85','11',0,'2021-07-26 04:47:16','2021-07-26 04:47:16'),(345,'85','32',0,'2021-07-26 04:47:16','2021-07-26 04:47:16'),(346,'86','8',0,'2021-07-26 04:47:16','2021-07-26 04:47:16'),(347,'86','11',0,'2021-07-26 04:47:16','2021-07-26 04:47:16'),(348,'86','20',0,'2021-07-26 04:47:16','2021-07-26 04:47:16'),(349,'87','8',0,'2021-07-26 04:47:16','2021-07-26 04:47:16'),(350,'88','8',0,'2021-07-26 04:47:16','2021-07-26 04:47:16'),(351,'88','10',0,'2021-07-26 04:47:16','2021-07-26 04:47:16'),(352,'89','8',0,'2021-07-26 04:47:16','2021-07-26 04:47:16'),(353,'89','20',0,'2021-07-26 04:47:16','2021-07-26 04:47:16'),(354,'90','8',0,'2021-07-26 04:47:16','2021-07-26 04:47:16'),(355,'91','8',0,'2021-07-26 04:47:16','2021-07-26 04:47:16'),(356,'92','10',0,'2021-07-26 04:47:16','2021-07-26 04:47:16'),(357,'92','11',0,'2021-07-26 04:47:16','2021-07-26 04:47:16'),(358,'92','13',0,'2021-07-26 04:47:16','2021-07-26 04:47:16'),(359,'92','14',0,'2021-07-26 04:47:16','2021-07-26 04:47:16'),(360,'92','17',0,'2021-07-26 04:47:16','2021-07-26 04:47:16'),(361,'92','22',0,'2021-07-26 04:47:16','2021-07-26 04:47:16'),(362,'92','24',0,'2021-07-26 04:47:16','2021-07-26 04:47:16'),(363,'92','26',0,'2021-07-26 04:47:16','2021-07-26 04:47:16'),(364,'92','27',0,'2021-07-26 04:47:16','2021-07-26 04:47:16'),(365,'93','10',0,'2021-07-26 04:47:16','2021-07-26 04:47:16'),(366,'93','13',0,'2021-07-26 04:47:16','2021-07-26 04:47:16'),(367,'93','18',0,'2021-07-26 04:47:16','2021-07-26 04:47:16'),(368,'93','19',0,'2021-07-26 04:47:16','2021-07-26 04:47:16'),(369,'93','24',0,'2021-07-26 04:47:16','2021-07-26 04:47:16'),(370,'93','25',0,'2021-07-26 04:47:16','2021-07-26 04:47:16'),(371,'94','10',0,'2021-07-26 04:47:16','2021-07-26 04:47:16'),(372,'94','21',0,'2021-07-26 04:47:16','2021-07-26 04:47:16'),(373,'95','10',0,'2021-07-26 04:47:16','2021-07-26 04:47:16'),(374,'96','10',0,'2021-07-26 04:47:16','2021-07-26 04:47:16'),(375,'96','17',0,'2021-07-26 04:47:16','2021-07-26 04:47:16'),(376,'96','33',0,'2021-07-26 04:47:16','2021-07-26 04:47:16'),(377,'97','11',0,'2021-07-26 04:47:16','2021-07-26 04:47:16'),(378,'97','20',0,'2021-07-26 04:47:16','2021-07-26 04:47:16'),(379,'98','11',0,'2021-07-26 04:47:16','2021-07-26 04:47:16'),(380,'99','11',0,'2021-07-26 04:47:16','2021-07-26 04:47:16'),(381,'100','11',0,'2021-07-26 04:47:16','2021-07-26 04:47:16'),(382,'100','14',0,'2021-07-26 04:47:16','2021-07-26 04:47:16'),(383,'100','17',0,'2021-07-26 04:47:16','2021-07-26 04:47:16'),(384,'100','20',0,'2021-07-26 04:47:16','2021-07-26 04:47:16'),(385,'101','12',0,'2021-07-26 04:47:16','2021-07-26 04:47:16'),(386,'101','23',0,'2021-07-26 04:47:16','2021-07-26 04:47:16'),(387,'101','33',0,'2021-07-26 04:47:16','2021-07-26 04:47:16'),(388,'102','14',0,'2021-07-26 04:47:16','2021-07-26 04:47:16'),(389,'103','14',0,'2021-07-26 04:47:16','2021-07-26 04:47:16'),(390,'103','16',0,'2021-07-26 04:47:16','2021-07-26 04:47:16'),(391,'104','14',0,'2021-07-26 04:47:16','2021-07-26 04:47:16'),(392,'105','14',0,'2021-07-26 04:47:16','2021-07-26 04:47:16'),(393,'105','20',0,'2021-07-26 04:47:16','2021-07-26 04:47:16'),(394,'105','26',0,'2021-07-26 04:47:16','2021-07-26 04:47:16'),(395,'105','29',0,'2021-07-26 04:47:16','2021-07-26 04:47:16'),(396,'106','15',0,'2021-07-26 04:47:16','2021-07-26 04:47:16'),(397,'106','26',0,'2021-07-26 04:47:16','2021-07-26 04:47:16'),(398,'107','15',0,'2021-07-26 04:47:16','2021-07-26 04:47:16'),(399,'108','15',0,'2021-07-26 04:47:16','2021-07-26 04:47:16'),(400,'109','17',0,'2021-07-26 04:47:16','2021-07-26 04:47:16'),(401,'110','18',0,'2021-07-26 04:47:16','2021-07-26 04:47:16'),(402,'111','19',0,'2021-07-26 04:47:16','2021-07-26 04:47:16'),(403,'111','21',0,'2021-07-26 04:47:16','2021-07-26 04:47:16'),(404,'111','22',0,'2021-07-26 04:47:16','2021-07-26 04:47:16'),(405,'111','23',0,'2021-07-26 04:47:16','2021-07-26 04:47:16'),(406,'111','26',0,'2021-07-26 04:47:16','2021-07-26 04:47:16'),(407,'111','29',0,'2021-07-26 04:47:16','2021-07-26 04:47:16'),(408,'112','19',0,'2021-07-26 04:47:16','2021-07-26 04:47:16'),(409,'112','23',0,'2021-07-26 04:47:16','2021-07-26 04:47:16'),(410,'113','20',0,'2021-07-26 04:47:16','2021-07-26 04:47:16'),(411,'113','26',0,'2021-07-26 04:47:16','2021-07-26 04:47:16'),(412,'113','32',0,'2021-07-26 04:47:16','2021-07-26 04:47:16'),(413,'114','20',0,'2021-07-26 04:47:16','2021-07-26 04:47:16'),(414,'115','20',0,'2021-07-26 04:47:16','2021-07-26 04:47:16'),(415,'116','21',0,'2021-07-26 04:47:16','2021-07-26 04:47:16'),(416,'116','32',0,'2021-07-26 04:47:16','2021-07-26 04:47:16'),(417,'117','21',0,'2021-07-26 04:47:16','2021-07-26 04:47:16'),(418,'117','30',0,'2021-07-26 04:47:16','2021-07-26 04:47:16'),(419,'118','21',0,'2021-07-26 04:47:16','2021-07-26 04:47:16'),(420,'119','21',0,'2021-07-26 04:47:16','2021-07-26 04:47:16'),(421,'120','21',0,'2021-07-26 04:47:16','2021-07-26 04:47:16'),(422,'120','33',0,'2021-07-26 04:47:16','2021-07-26 04:47:16'),(423,'121','21',0,'2021-07-26 04:47:16','2021-07-26 04:47:16'),(424,'122','21',0,'2021-07-26 04:47:16','2021-07-26 04:47:16'),(425,'123','21',0,'2021-07-26 04:47:16','2021-07-26 04:47:16'),(426,'124','28',0,'2021-07-26 04:47:16','2021-07-26 04:47:16');
/*!40000 ALTER TABLE `foodnutri` ENABLE KEYS */;
UNLOCK TABLES;

--
-- Table structure for table `menu`
--

DROP TABLE IF EXISTS `menu`;
/*!40101 SET @saved_cs_client     = @@character_set_client */;
/*!40101 SET character_set_client = utf8 */;
CREATE TABLE `menu` (
  `id` bigint(20) unsigned NOT NULL AUTO_INCREMENT,
  `name` varchar(255) COLLATE utf8_unicode_ci NOT NULL COMMENT '名前',
  `servedate` date NOT NULL COMMENT '提供日',
  `timing` varchar(255) COLLATE utf8_unicode_ci NOT NULL COMMENT 'lunch/dinner',
  `created_at` timestamp NULL DEFAULT NULL,
  `updated_at` timestamp NULL DEFAULT NULL,
  PRIMARY KEY (`id`)
) ENGINE=InnoDB DEFAULT CHARSET=utf8 COLLATE=utf8_unicode_ci;
/*!40101 SET character_set_client = @saved_cs_client */;

--
-- Dumping data for table `menu`
--

LOCK TABLES `menu` WRITE;
/*!40000 ALTER TABLE `menu` DISABLE KEYS */;
/*!40000 ALTER TABLE `menu` ENABLE KEYS */;
UNLOCK TABLES;

--
-- Table structure for table `menufood`
--

DROP TABLE IF EXISTS `menufood`;
/*!40101 SET @saved_cs_client     = @@character_set_client */;
/*!40101 SET character_set_client = utf8 */;
CREATE TABLE `menufood` (
  `id` bigint(20) unsigned NOT NULL AUTO_INCREMENT,
  `menu_id` varchar(255) COLLATE utf8_unicode_ci NOT NULL COMMENT '献立',
  `food_id` varchar(255) COLLATE utf8_unicode_ci NOT NULL COMMENT '食材',
  `amount` int(11) NOT NULL DEFAULT 0 COMMENT '含有量：未使用',
  `created_at` timestamp NULL DEFAULT NULL,
  `updated_at` timestamp NULL DEFAULT NULL,
  PRIMARY KEY (`id`)
) ENGINE=InnoDB DEFAULT CHARSET=utf8 COLLATE=utf8_unicode_ci;
/*!40101 SET character_set_client = @saved_cs_client */;

--
-- Dumping data for table `menufood`
--

LOCK TABLES `menufood` WRITE;
/*!40000 ALTER TABLE `menufood` DISABLE KEYS */;
/*!40000 ALTER TABLE `menufood` ENABLE KEYS */;
UNLOCK TABLES;

--
-- Table structure for table `migrations`
--

DROP TABLE IF EXISTS `migrations`;
/*!40101 SET @saved_cs_client     = @@character_set_client */;
/*!40101 SET character_set_client = utf8 */;
CREATE TABLE `migrations` (
  `id` int(10) unsigned NOT NULL AUTO_INCREMENT,
  `migration` varchar(255) COLLATE utf8_unicode_ci NOT NULL,
  `batch` int(11) NOT NULL,
  PRIMARY KEY (`id`)
) ENGINE=InnoDB AUTO_INCREMENT=9 DEFAULT CHARSET=utf8 COLLATE=utf8_unicode_ci;
/*!40101 SET character_set_client = @saved_cs_client */;

--
-- Dumping data for table `migrations`
--

LOCK TABLES `migrations` WRITE;
/*!40000 ALTER TABLE `migrations` DISABLE KEYS */;
INSERT INTO `migrations` VALUES (1,'2014_10_12_000000_create_user_table',1),(2,'2014_10_12_100000_create_password_resets_table',1),(3,'2019_08_19_000000_create_failed_jobs_table',1),(4,'2021_07_14_000000_create_food',1),(5,'2021_07_14_000000_create_foodnutri',1),(6,'2021_07_14_000000_create_menu',1),(7,'2021_07_14_000000_create_menufood',1),(8,'2021_07_14_000000_create_nutri',1);
/*!40000 ALTER TABLE `migrations` ENABLE KEYS */;
UNLOCK TABLES;

--
-- Table structure for table `nutri`
--

DROP TABLE IF EXISTS `nutri`;
/*!40101 SET @saved_cs_client     = @@character_set_client */;
/*!40101 SET character_set_client = utf8 */;
CREATE TABLE `nutri` (
  `id` bigint(20) unsigned NOT NULL AUTO_INCREMENT,
  `name` varchar(255) COLLATE utf8_unicode_ci NOT NULL COMMENT '名前',
  `dailyrequired` int(11) NOT NULL DEFAULT 0 COMMENT '1日の必須量：未使用',
  `pos` int(11) NOT NULL COMMENT '表示位置。昇順。',
  `created_at` timestamp NULL DEFAULT NULL,
  `updated_at` timestamp NULL DEFAULT NULL,
  PRIMARY KEY (`id`)
) ENGINE=InnoDB AUTO_INCREMENT=34 DEFAULT CHARSET=utf8 COLLATE=utf8_unicode_ci;
/*!40101 SET character_set_client = @saved_cs_client */;

--
-- Dumping data for table `nutri`
--

LOCK TABLES `nutri` WRITE;
/*!40000 ALTER TABLE `nutri` DISABLE KEYS */;
INSERT INTO `nutri` VALUES (1,'タンパク質',0,10,'2021-07-26 04:47:16','2021-07-26 04:47:16'),(2,'脂質',0,20,'2021-07-26 04:47:16','2021-07-26 04:47:16'),(3,'飽和脂肪酸',0,30,'2021-07-26 04:47:16','2021-07-26 04:47:16'),(4,'n-6系脂肪酸',0,40,'2021-07-26 04:47:16','2021-07-26 04:47:16'),(5,'n-3系脂肪酸',0,50,'2021-07-26 04:47:16','2021-07-26 04:47:16'),(6,'炭水化物',0,60,'2021-07-26 04:47:16','2021-07-26 04:47:16'),(7,'食物繊維',0,70,'2021-07-26 04:47:16','2021-07-26 04:47:16'),(8,'ビタミンA',0,80,'2021-07-26 04:47:16','2021-07-26 04:47:16'),(9,'ビタミンD',0,90,'2021-07-26 04:47:16','2021-07-26 04:47:16'),(10,'ビタミンE',0,100,'2021-07-26 04:47:16','2021-07-26 04:47:16'),(11,'ビタミンK',0,110,'2021-07-26 04:47:16','2021-07-26 04:47:16'),(12,'ビタミンB1',0,120,'2021-07-26 04:47:16','2021-07-26 04:47:16'),(13,'ビタミンB2',0,130,'2021-07-26 04:47:16','2021-07-26 04:47:16'),(14,'ビタミンB6',0,140,'2021-07-26 04:47:16','2021-07-26 04:47:16'),(15,'ビタミンB12',0,150,'2021-07-26 04:47:16','2021-07-26 04:47:16'),(16,'ナイアシン',0,160,'2021-07-26 04:47:16','2021-07-26 04:47:16'),(17,'葉酸',0,170,'2021-07-26 04:47:16','2021-07-26 04:47:16'),(18,'パントテン酸',0,180,'2021-07-26 04:47:16','2021-07-26 04:47:16'),(19,'ビオチン',0,190,'2021-07-26 04:47:16','2021-07-26 04:47:16'),(20,'ビタミンC',0,200,'2021-07-26 04:47:16','2021-07-26 04:47:16'),(21,'ナトリウム',0,210,'2021-07-26 04:47:16','2021-07-26 04:47:16'),(22,'カリウム',0,220,'2021-07-26 04:47:16','2021-07-26 04:47:16'),(23,'カルシウム',0,230,'2021-07-26 04:47:16','2021-07-26 04:47:16'),(24,'マグネシウム',0,240,'2021-07-26 04:47:16','2021-07-26 04:47:16'),(25,'リン',0,250,'2021-07-26 04:47:16','2021-07-26 04:47:16'),(26,'鉄',0,260,'2021-07-26 04:47:16','2021-07-26 04:47:16'),(27,'亜鉛',0,270,'2021-07-26 04:47:16','2021-07-26 04:47:16'),(28,'銅',0,280,'2021-07-26 04:47:16','2021-07-26 04:47:16'),(29,'マンガン',0,290,'2021-07-26 04:47:16','2021-07-26 04:47:16'),(30,'ヨウ素',0,300,'2021-07-26 04:47:16','2021-07-26 04:47:16'),(31,'セレン',0,310,'2021-07-26 04:47:16','2021-07-26 04:47:16'),(32,'クロム',0,320,'2021-07-26 04:47:16','2021-07-26 04:47:16'),(33,'モリブデン',0,330,'2021-07-26 04:47:16','2021-07-26 04:47:16');
/*!40000 ALTER TABLE `nutri` ENABLE KEYS */;
UNLOCK TABLES;

--
-- Table structure for table `password_resets`
--

DROP TABLE IF EXISTS `password_resets`;
/*!40101 SET @saved_cs_client     = @@character_set_client */;
/*!40101 SET character_set_client = utf8 */;
CREATE TABLE `password_resets` (
  `email` varchar(255) COLLATE utf8_unicode_ci NOT NULL,
  `token` varchar(255) COLLATE utf8_unicode_ci NOT NULL,
  `created_at` timestamp NULL DEFAULT NULL,
  KEY `password_resets_email_index` (`email`)
) ENGINE=InnoDB DEFAULT CHARSET=utf8 COLLATE=utf8_unicode_ci;
/*!40101 SET character_set_client = @saved_cs_client */;

--
-- Dumping data for table `password_resets`
--

LOCK TABLES `password_resets` WRITE;
/*!40000 ALTER TABLE `password_resets` DISABLE KEYS */;
/*!40000 ALTER TABLE `password_resets` ENABLE KEYS */;
UNLOCK TABLES;

--
-- Table structure for table `user`
--

DROP TABLE IF EXISTS `user`;
/*!40101 SET @saved_cs_client     = @@character_set_client */;
/*!40101 SET character_set_client = utf8 */;
CREATE TABLE `user` (
  `id` bigint(20) unsigned NOT NULL AUTO_INCREMENT,
  `name` varchar(255) COLLATE utf8_unicode_ci NOT NULL,
  `display_name` varchar(255) COLLATE utf8_unicode_ci NOT NULL,
  `role` varchar(255) COLLATE utf8_unicode_ci NOT NULL DEFAULT 'admin',
  `email` varchar(255) COLLATE utf8_unicode_ci DEFAULT NULL,
  `email_verified_at` timestamp NULL DEFAULT NULL,
  `password` varchar(255) COLLATE utf8_unicode_ci NOT NULL,
  `remember_token` varchar(100) COLLATE utf8_unicode_ci DEFAULT NULL,
  `last_datetime` datetime DEFAULT NULL,
  `last_action` varchar(255) COLLATE utf8_unicode_ci DEFAULT NULL,
  `last_user_id` bigint(20) DEFAULT NULL COMMENT '編集者のuser_ID',
  `created_at` timestamp NULL DEFAULT NULL,
  `updated_at` timestamp NULL DEFAULT NULL,
  PRIMARY KEY (`id`)
) ENGINE=InnoDB AUTO_INCREMENT=3 DEFAULT CHARSET=utf8 COLLATE=utf8_unicode_ci;
/*!40101 SET character_set_client = @saved_cs_client */;

--
-- Dumping data for table `user`
--

LOCK TABLES `user` WRITE;
/*!40000 ALTER TABLE `user` DISABLE KEYS */;
INSERT INTO `user` VALUES (1,'nutri_bdd_admin','開発者用管理者','admin','mizuno_k+nutri_bdd_admin@cranpun.sub.jp','2021-07-26 04:47:16','$2y$10$Sbjg0oCnsavSp71.IJvtEuiiFAc9S6vgBpX.3AwanJkzJk88rCG.C',NULL,NULL,NULL,NULL,'2021-07-26 04:47:16','2021-07-26 04:47:16'),(2,'bdd_test_admin','bddテスト用管理者','admin',NULL,NULL,'$2y$10$7xhMPFU8nyqVJcKuH8m3w.jlQ38py/pR8asNN62AcsFSsWK9KU4Y2',NULL,NULL,NULL,1,'2021-07-26 04:47:26','2021-07-26 04:47:26');
/*!40000 ALTER TABLE `user` ENABLE KEYS */;
UNLOCK TABLES;
/*!40103 SET TIME_ZONE=@OLD_TIME_ZONE */;

/*!40101 SET SQL_MODE=@OLD_SQL_MODE */;
/*!40014 SET FOREIGN_KEY_CHECKS=@OLD_FOREIGN_KEY_CHECKS */;
/*!40014 SET UNIQUE_CHECKS=@OLD_UNIQUE_CHECKS */;
/*!40101 SET CHARACTER_SET_CLIENT=@OLD_CHARACTER_SET_CLIENT */;
/*!40101 SET CHARACTER_SET_RESULTS=@OLD_CHARACTER_SET_RESULTS */;
/*!40101 SET COLLATION_CONNECTION=@OLD_COLLATION_CONNECTION */;
/*!40111 SET SQL_NOTES=@OLD_SQL_NOTES */;

-- Dump completed on 2021-07-26 13:47:28
