-- MySQL dump 10.19  Distrib 10.3.29-MariaDB, for debian-linux-gnu (x86_64)
--
-- Host: localhost    Database: homestead
-- ------------------------------------------------------
-- Server version	10.3.29-MariaDB-0ubuntu0.20.04.1-log

/*!40101 SET @OLD_CHARACTER_SET_CLIENT=@@CHARACTER_SET_CLIENT */;
/*!40101 SET @OLD_CHARACTER_SET_RESULTS=@@CHARACTER_SET_RESULTS */;
/*!40101 SET @OLD_COLLATION_CONNECTION=@@COLLATION_CONNECTION */;
/*!40101 SET NAMES utf8mb4 */;
/*!40103 SET @OLD_TIME_ZONE=@@TIME_ZONE */;
/*!40103 SET TIME_ZONE='+00:00' */;
/*!40014 SET @OLD_UNIQUE_CHECKS=@@UNIQUE_CHECKS, UNIQUE_CHECKS=0 */;
/*!40014 SET @OLD_FOREIGN_KEY_CHECKS=@@FOREIGN_KEY_CHECKS, FOREIGN_KEY_CHECKS=0 */;
/*!40101 SET @OLD_SQL_MODE=@@SQL_MODE, SQL_MODE='NO_AUTO_VALUE_ON_ZERO' */;
/*!40111 SET @OLD_SQL_NOTES=@@SQL_NOTES, SQL_NOTES=0 */;

--
-- Table structure for table `failed_jobs`
--

DROP TABLE IF EXISTS `failed_jobs`;
/*!40101 SET @saved_cs_client     = @@character_set_client */;
/*!40101 SET character_set_client = utf8 */;
CREATE TABLE `failed_jobs` (
  `id` bigint(20) unsigned NOT NULL AUTO_INCREMENT,
  `uuid` varchar(255) COLLATE utf8_unicode_ci NOT NULL,
  `connection` text COLLATE utf8_unicode_ci NOT NULL,
  `queue` text COLLATE utf8_unicode_ci NOT NULL,
  `payload` longtext COLLATE utf8_unicode_ci NOT NULL,
  `exception` longtext COLLATE utf8_unicode_ci NOT NULL,
  `failed_at` timestamp NOT NULL DEFAULT current_timestamp(),
  PRIMARY KEY (`id`),
  UNIQUE KEY `failed_jobs_uuid_unique` (`uuid`)
) ENGINE=InnoDB DEFAULT CHARSET=utf8 COLLATE=utf8_unicode_ci;
/*!40101 SET character_set_client = @saved_cs_client */;

--
-- Dumping data for table `failed_jobs`
--

LOCK TABLES `failed_jobs` WRITE;
/*!40000 ALTER TABLE `failed_jobs` DISABLE KEYS */;
/*!40000 ALTER TABLE `failed_jobs` ENABLE KEYS */;
UNLOCK TABLES;

--
-- Table structure for table `food`
--

DROP TABLE IF EXISTS `food`;
/*!40101 SET @saved_cs_client     = @@character_set_client */;
/*!40101 SET character_set_client = utf8 */;
CREATE TABLE `food` (
  `id` bigint(20) unsigned NOT NULL AUTO_INCREMENT,
  `name` varchar(255) COLLATE utf8_unicode_ci NOT NULL COMMENT '名前',
  `kana` varchar(255) COLLATE utf8_unicode_ci NOT NULL COMMENT 'かな',
  `category` varchar(255) COLLATE utf8_unicode_ci NOT NULL COMMENT 'カテゴリ：vegetable,meat,seafood,grain(穀物),fruit,seasoning（調味料）,etc（その他）',
  `favorite` int(11) NOT NULL DEFAULT 0 COMMENT 'お気に入り。昇順。',
  `created_at` timestamp NULL DEFAULT NULL,
  `updated_at` timestamp NULL DEFAULT NULL,
  PRIMARY KEY (`id`),
  UNIQUE KEY `food_kana_unique` (`kana`)
) ENGINE=InnoDB AUTO_INCREMENT=4 DEFAULT CHARSET=utf8 COLLATE=utf8_unicode_ci;
/*!40101 SET character_set_client = @saved_cs_client */;

--
-- Dumping data for table `food`
--

LOCK TABLES `food` WRITE;
/*!40000 ALTER TABLE `food` DISABLE KEYS */;
INSERT INTO `food` VALUES (1,'豚肉','ぶたにく','meat',0,'2021-07-30 05:34:49','2021-07-30 05:34:49'),(2,'卵','たまご','etc',0,'2021-07-30 05:34:49','2021-07-30 05:34:49'),(3,'牛乳','ぎゅうにゅう','etc',0,'2021-07-30 05:34:49','2021-07-30 05:34:49');
/*!40000 ALTER TABLE `food` ENABLE KEYS */;
UNLOCK TABLES;

--
-- Table structure for table `foodnutri`
--

DROP TABLE IF EXISTS `foodnutri`;
/*!40101 SET @saved_cs_client     = @@character_set_client */;
/*!40101 SET character_set_client = utf8 */;
CREATE TABLE `foodnutri` (
  `id` bigint(20) unsigned NOT NULL AUTO_INCREMENT,
  `food_id` varchar(255) COLLATE utf8_unicode_ci NOT NULL COMMENT '食材',
  `nutri_id` varchar(255) COLLATE utf8_unicode_ci NOT NULL COMMENT '栄養素',
  `amount` int(11) NOT NULL DEFAULT 0 COMMENT '含有量：未使用',
  `created_at` timestamp NULL DEFAULT NULL,
  `updated_at` timestamp NULL DEFAULT NULL,
  PRIMARY KEY (`id`)
) ENGINE=InnoDB AUTO_INCREMENT=427 DEFAULT CHARSET=utf8 COLLATE=utf8_unicode_ci;
/*!40101 SET character_set_client = @saved_cs_client */;

--
-- Dumping data for table `foodnutri`
--

LOCK TABLES `foodnutri` WRITE;
/*!40000 ALTER TABLE `foodnutri` DISABLE KEYS */;
INSERT INTO `foodnutri` VALUES (1,'1','1',0,'2021-07-30 05:34:49','2021-07-30 05:34:49'),(2,'1','2',0,'2021-07-30 05:34:49','2021-07-30 05:34:49'),(3,'1','3',0,'2021-07-30 05:34:49','2021-07-30 05:34:49'),(4,'1','4',0,'2021-07-30 05:34:49','2021-07-30 05:34:49'),(5,'1','12',0,'2021-07-30 05:34:49','2021-07-30 05:34:49'),(6,'1','14',0,'2021-07-30 05:34:49','2021-07-30 05:34:49'),(7,'1','16',0,'2021-07-30 05:34:49','2021-07-30 05:34:49'),(8,'1','27',0,'2021-07-30 05:34:49','2021-07-30 05:34:49'),(9,'1','32',0,'2021-07-30 05:34:49','2021-07-30 05:34:49'),(10,'2','1',0,'2021-07-30 05:34:49','2021-07-30 05:34:49'),(11,'2','4',0,'2021-07-30 05:34:49','2021-07-30 05:34:49'),(12,'2','8',0,'2021-07-30 05:34:49','2021-07-30 05:34:49'),(13,'2','18',0,'2021-07-30 05:34:49','2021-07-30 05:34:49'),(14,'2','19',0,'2021-07-30 05:34:49','2021-07-30 05:34:49'),(15,'2','25',0,'2021-07-30 05:34:49','2021-07-30 05:34:49'),(16,'2','31',0,'2021-07-30 05:34:49','2021-07-30 05:34:49'),(17,'3','1',0,'2021-07-30 05:34:49','2021-07-30 05:34:49'),(18,'3','8',0,'2021-07-30 05:34:49','2021-07-30 05:34:49'),(19,'3','13',0,'2021-07-30 05:34:49','2021-07-30 05:34:49'),(20,'3','23',0,'2021-07-30 05:34:49','2021-07-30 05:34:49'),(21,'3','25',0,'2021-07-30 05:34:49','2021-07-30 05:34:49'),(22,'4','1',0,'2021-07-30 05:34:49','2021-07-30 05:34:49'),(23,'4','4',0,'2021-07-30 05:34:49','2021-07-30 05:34:49'),(24,'4','5',0,'2021-07-30 05:34:49','2021-07-30 05:34:49'),(25,'4','7',0,'2021-07-30 05:34:49','2021-07-30 05:34:49'),(26,'4','10',0,'2021-07-30 05:34:49','2021-07-30 05:34:49'),(27,'4','11',0,'2021-07-30 05:34:49','2021-07-30 05:34:49'),(28,'4','12',0,'2021-07-30 05:34:49','2021-07-30 05:34:49'),(29,'4','17',0,'2021-07-30 05:34:49','2021-07-30 05:34:49'),(30,'4','19',0,'2021-07-30 05:34:49','2021-07-30 05:34:49'),(31,'4','21',0,'2021-07-30 05:34:49','2021-07-30 05:34:49'),(32,'4','22',0,'2021-07-30 05:34:49','2021-07-30 05:34:49'),(33,'4','23',0,'2021-07-30 05:34:49','2021-07-30 05:34:49'),(34,'4','24',0,'2021-07-30 05:34:49','2021-07-30 05:34:49'),(35,'4','25',0,'2021-07-30 05:34:49','2021-07-30 05:34:49'),(36,'4','26',0,'2021-07-30 05:34:49','2021-07-30 05:34:49'),(37,'4','27',0,'2021-07-30 05:34:49','2021-07-30 05:34:49'),(38,'4','28',0,'2021-07-30 05:34:49','2021-07-30 05:34:49'),(39,'4','29',0,'2021-07-30 05:34:49','2021-07-30 05:34:49'),(40,'4','33',0,'2021-07-30 05:34:49','2021-07-30 05:34:49'),(41,'5','1',0,'2021-07-30 05:34:49','2021-07-30 05:34:49'),(42,'5','4',0,'2021-07-30 05:34:49','2021-07-30 05:34:49'),(43,'5','5',0,'2021-07-30 05:34:49','2021-07-30 05:34:49'),(44,'5','8',0,'2021-07-30 05:34:49','2021-07-30 05:34:49'),(45,'5','9',0,'2021-07-30 05:34:49','2021-07-30 05:34:49'),(46,'5','14',0,'2021-07-30 05:34:49','2021-07-30 05:34:49'),(47,'6','1',0,'2021-07-30 05:34:49','2021-07-30 05:34:49'),(48,'6','9',0,'2021-07-30 05:34:49','2021-07-30 05:34:49'),(49,'6','15',0,'2021-07-30 05:34:49','2021-07-30 05:34:49'),(50,'6','31',0,'2021-07-30 05:34:49','2021-07-30 05:34:49'),(51,'7','1',0,'2021-07-30 05:34:49','2021-07-30 05:34:49'),(52,'7','4',0,'2021-07-30 05:34:49','2021-07-30 05:34:49'),(53,'7','5',0,'2021-07-30 05:34:49','2021-07-30 05:34:49'),(54,'7','8',0,'2021-07-30 05:34:49','2021-07-30 05:34:49'),(55,'7','9',0,'2021-07-30 05:34:49','2021-07-30 05:34:49'),(56,'7','14',0,'2021-07-30 05:34:49','2021-07-30 05:34:49'),(57,'7','15',0,'2021-07-30 05:34:49','2021-07-30 05:34:49'),(58,'7','16',0,'2021-07-30 05:34:49','2021-07-30 05:34:49'),(59,'7','17',0,'2021-07-30 05:34:49','2021-07-30 05:34:49'),(60,'7','24',0,'2021-07-30 05:34:49','2021-07-30 05:34:49'),(61,'7','25',0,'2021-07-30 05:34:49','2021-07-30 05:34:49'),(62,'7','27',0,'2021-07-30 05:34:49','2021-07-30 05:34:49'),(63,'8','1',0,'2021-07-30 05:34:49','2021-07-30 05:34:49'),(64,'8','4',0,'2021-07-30 05:34:49','2021-07-30 05:34:49'),(65,'8','5',0,'2021-07-30 05:34:49','2021-07-30 05:34:49'),(66,'8','13',0,'2021-07-30 05:34:49','2021-07-30 05:34:49'),(67,'8','15',0,'2021-07-30 05:34:49','2021-07-30 05:34:49'),(68,'8','16',0,'2021-07-30 05:34:49','2021-07-30 05:34:49'),(69,'8','30',0,'2021-07-30 05:34:49','2021-07-30 05:34:49'),(70,'8','31',0,'2021-07-30 05:34:49','2021-07-30 05:34:49'),(71,'9','1',0,'2021-07-30 05:34:49','2021-07-30 05:34:49'),(72,'9','5',0,'2021-07-30 05:34:49','2021-07-30 05:34:49'),(73,'9','8',0,'2021-07-30 05:34:49','2021-07-30 05:34:49'),(74,'9','15',0,'2021-07-30 05:34:49','2021-07-30 05:34:49'),(75,'10','1',0,'2021-07-30 05:34:49','2021-07-30 05:34:49'),(76,'10','10',0,'2021-07-30 05:34:49','2021-07-30 05:34:49'),(77,'10','12',0,'2021-07-30 05:34:49','2021-07-30 05:34:49'),(78,'10','13',0,'2021-07-30 05:34:49','2021-07-30 05:34:49'),(79,'10','17',0,'2021-07-30 05:34:49','2021-07-30 05:34:49'),(80,'10','21',0,'2021-07-30 05:34:49','2021-07-30 05:34:49'),(81,'10','24',0,'2021-07-30 05:34:49','2021-07-30 05:34:49'),(82,'10','25',0,'2021-07-30 05:34:49','2021-07-30 05:34:49'),(83,'10','26',0,'2021-07-30 05:34:49','2021-07-30 05:34:49'),(84,'10','27',0,'2021-07-30 05:34:49','2021-07-30 05:34:49'),(85,'10','29',0,'2021-07-30 05:34:49','2021-07-30 05:34:49'),(86,'10','31',0,'2021-07-30 05:34:49','2021-07-30 05:34:49'),(87,'11','1',0,'2021-07-30 05:34:49','2021-07-30 05:34:49'),(88,'11','15',0,'2021-07-30 05:34:49','2021-07-30 05:34:49'),(89,'11','25',0,'2021-07-30 05:34:49','2021-07-30 05:34:49'),(90,'11','27',0,'2021-07-30 05:34:49','2021-07-30 05:34:49'),(91,'12','1',0,'2021-07-30 05:34:49','2021-07-30 05:34:49'),(92,'13','1',0,'2021-07-30 05:34:49','2021-07-30 05:34:49'),(93,'14','1',0,'2021-07-30 05:34:49','2021-07-30 05:34:49'),(94,'14','17',0,'2021-07-30 05:34:49','2021-07-30 05:34:49'),(95,'14','21',0,'2021-07-30 05:34:49','2021-07-30 05:34:49'),(96,'14','23',0,'2021-07-30 05:34:49','2021-07-30 05:34:49'),(97,'14','25',0,'2021-07-30 05:34:49','2021-07-30 05:34:49'),(98,'14','26',0,'2021-07-30 05:34:49','2021-07-30 05:34:49'),(99,'14','28',0,'2021-07-30 05:34:49','2021-07-30 05:34:49'),(100,'14','29',0,'2021-07-30 05:34:49','2021-07-30 05:34:49'),(101,'15','1',0,'2021-07-30 05:34:49','2021-07-30 05:34:49'),(102,'15','4',0,'2021-07-30 05:34:49','2021-07-30 05:34:49'),(103,'15','5',0,'2021-07-30 05:34:49','2021-07-30 05:34:49'),(104,'15','27',0,'2021-07-30 05:34:49','2021-07-30 05:34:49'),(105,'16','1',0,'2021-07-30 05:34:49','2021-07-30 05:34:49'),(106,'17','1',0,'2021-07-30 05:34:49','2021-07-30 05:34:49'),(107,'17','16',0,'2021-07-30 05:34:49','2021-07-30 05:34:49'),(108,'18','2',0,'2021-07-30 05:34:49','2021-07-30 05:34:49'),(109,'19','2',0,'2021-07-30 05:34:49','2021-07-30 05:34:49'),(110,'19','3',0,'2021-07-30 05:34:49','2021-07-30 05:34:49'),(111,'19','4',0,'2021-07-30 05:34:49','2021-07-30 05:34:49'),(112,'19','10',0,'2021-07-30 05:34:49','2021-07-30 05:34:49'),(113,'20','2',0,'2021-07-30 05:34:49','2021-07-30 05:34:49'),(114,'20','3',0,'2021-07-30 05:34:49','2021-07-30 05:34:49'),(115,'20','5',0,'2021-07-30 05:34:49','2021-07-30 05:34:49'),(116,'20','8',0,'2021-07-30 05:34:49','2021-07-30 05:34:49'),(117,'21','2',0,'2021-07-30 05:34:49','2021-07-30 05:34:49'),(118,'22','2',0,'2021-07-30 05:34:49','2021-07-30 05:34:49'),(119,'22','3',0,'2021-07-30 05:34:49','2021-07-30 05:34:49'),(120,'23','2',0,'2021-07-30 05:34:49','2021-07-30 05:34:49'),(121,'24','2',0,'2021-07-30 05:34:49','2021-07-30 05:34:49'),(122,'24','3',0,'2021-07-30 05:34:49','2021-07-30 05:34:49'),(123,'25','2',0,'2021-07-30 05:34:49','2021-07-30 05:34:49'),(124,'25','4',0,'2021-07-30 05:34:49','2021-07-30 05:34:49'),(125,'25','10',0,'2021-07-30 05:34:49','2021-07-30 05:34:49'),(126,'25','12',0,'2021-07-30 05:34:49','2021-07-30 05:34:49'),(127,'25','14',0,'2021-07-30 05:34:49','2021-07-30 05:34:49'),(128,'25','23',0,'2021-07-30 05:34:49','2021-07-30 05:34:49'),(129,'25','25',0,'2021-07-30 05:34:49','2021-07-30 05:34:49'),(130,'25','26',0,'2021-07-30 05:34:49','2021-07-30 05:34:49'),(131,'25','27',0,'2021-07-30 05:34:49','2021-07-30 05:34:49'),(132,'25','28',0,'2021-07-30 05:34:49','2021-07-30 05:34:49'),(133,'25','29',0,'2021-07-30 05:34:49','2021-07-30 05:34:49'),(134,'25','33',0,'2021-07-30 05:34:49','2021-07-30 05:34:49'),(135,'26','2',0,'2021-07-30 05:34:49','2021-07-30 05:34:49'),(136,'26','4',0,'2021-07-30 05:34:49','2021-07-30 05:34:49'),(137,'26','10',0,'2021-07-30 05:34:49','2021-07-30 05:34:49'),(138,'26','13',0,'2021-07-30 05:34:49','2021-07-30 05:34:49'),(139,'26','19',0,'2021-07-30 05:34:49','2021-07-30 05:34:49'),(140,'26','24',0,'2021-07-30 05:34:49','2021-07-30 05:34:49'),(141,'26','28',0,'2021-07-30 05:34:49','2021-07-30 05:34:49'),(142,'27','2',0,'2021-07-30 05:34:49','2021-07-30 05:34:49'),(143,'27','4',0,'2021-07-30 05:34:49','2021-07-30 05:34:49'),(144,'27','10',0,'2021-07-30 05:34:49','2021-07-30 05:34:49'),(145,'27','28',0,'2021-07-30 05:34:49','2021-07-30 05:34:49'),(146,'28','2',0,'2021-07-30 05:34:49','2021-07-30 05:34:49'),(147,'28','4',0,'2021-07-30 05:34:49','2021-07-30 05:34:49'),(148,'28','10',0,'2021-07-30 05:34:49','2021-07-30 05:34:49'),(149,'28','12',0,'2021-07-30 05:34:49','2021-07-30 05:34:49'),(150,'28','16',0,'2021-07-30 05:34:49','2021-07-30 05:34:49'),(151,'28','18',0,'2021-07-30 05:34:49','2021-07-30 05:34:49'),(152,'28','29',0,'2021-07-30 05:34:49','2021-07-30 05:34:49'),(153,'28','33',0,'2021-07-30 05:34:49','2021-07-30 05:34:49'),(154,'29','2',0,'2021-07-30 05:34:49','2021-07-30 05:34:49'),(155,'29','4',0,'2021-07-30 05:34:49','2021-07-30 05:34:49'),(156,'29','14',0,'2021-07-30 05:34:49','2021-07-30 05:34:49'),(157,'29','16',0,'2021-07-30 05:34:49','2021-07-30 05:34:49'),(158,'29','18',0,'2021-07-30 05:34:49','2021-07-30 05:34:49'),(159,'29','19',0,'2021-07-30 05:34:49','2021-07-30 05:34:49'),(160,'30','3',0,'2021-07-30 05:34:49','2021-07-30 05:34:49'),(161,'31','3',0,'2021-07-30 05:34:49','2021-07-30 05:34:49'),(162,'32','3',0,'2021-07-30 05:34:49','2021-07-30 05:34:49'),(163,'33','3',0,'2021-07-30 05:34:49','2021-07-30 05:34:49'),(164,'33','8',0,'2021-07-30 05:34:49','2021-07-30 05:34:49'),(165,'33','23',0,'2021-07-30 05:34:49','2021-07-30 05:34:49'),(166,'33','25',0,'2021-07-30 05:34:49','2021-07-30 05:34:49'),(167,'34','3',0,'2021-07-30 05:34:49','2021-07-30 05:34:49'),(168,'34','8',0,'2021-07-30 05:34:49','2021-07-30 05:34:49'),(169,'35','4',0,'2021-07-30 05:34:49','2021-07-30 05:34:49'),(170,'35','10',0,'2021-07-30 05:34:49','2021-07-30 05:34:49'),(171,'36','4',0,'2021-07-30 05:34:49','2021-07-30 05:34:49'),(172,'37','4',0,'2021-07-30 05:34:49','2021-07-30 05:34:49'),(173,'37','10',0,'2021-07-30 05:34:49','2021-07-30 05:34:49'),(174,'38','4',0,'2021-07-30 05:34:49','2021-07-30 05:34:49'),(175,'39','4',0,'2021-07-30 05:34:49','2021-07-30 05:34:49'),(176,'39','7',0,'2021-07-30 05:34:49','2021-07-30 05:34:49'),(177,'39','17',0,'2021-07-30 05:34:49','2021-07-30 05:34:49'),(178,'39','21',0,'2021-07-30 05:34:49','2021-07-30 05:34:49'),(179,'39','22',0,'2021-07-30 05:34:49','2021-07-30 05:34:49'),(180,'39','23',0,'2021-07-30 05:34:49','2021-07-30 05:34:49'),(181,'39','24',0,'2021-07-30 05:34:49','2021-07-30 05:34:49'),(182,'39','26',0,'2021-07-30 05:34:49','2021-07-30 05:34:49'),(183,'39','30',0,'2021-07-30 05:34:49','2021-07-30 05:34:49'),(184,'40','4',0,'2021-07-30 05:34:49','2021-07-30 05:34:49'),(185,'40','5',0,'2021-07-30 05:34:49','2021-07-30 05:34:49'),(186,'40','7',0,'2021-07-30 05:34:49','2021-07-30 05:34:49'),(187,'40','8',0,'2021-07-30 05:34:49','2021-07-30 05:34:49'),(188,'40','13',0,'2021-07-30 05:34:49','2021-07-30 05:34:49'),(189,'40','17',0,'2021-07-30 05:34:49','2021-07-30 05:34:49'),(190,'40','21',0,'2021-07-30 05:34:49','2021-07-30 05:34:49'),(191,'40','22',0,'2021-07-30 05:34:49','2021-07-30 05:34:49'),(192,'40','23',0,'2021-07-30 05:34:49','2021-07-30 05:34:49'),(193,'40','24',0,'2021-07-30 05:34:49','2021-07-30 05:34:49'),(194,'40','30',0,'2021-07-30 05:34:49','2021-07-30 05:34:49'),(195,'40','32',0,'2021-07-30 05:34:49','2021-07-30 05:34:49'),(196,'41','4',0,'2021-07-30 05:34:49','2021-07-30 05:34:49'),(197,'41','5',0,'2021-07-30 05:34:49','2021-07-30 05:34:49'),(198,'41','8',0,'2021-07-30 05:34:49','2021-07-30 05:34:49'),(199,'41','12',0,'2021-07-30 05:34:49','2021-07-30 05:34:49'),(200,'41','13',0,'2021-07-30 05:34:49','2021-07-30 05:34:49'),(201,'41','18',0,'2021-07-30 05:34:49','2021-07-30 05:34:49'),(202,'42','4',0,'2021-07-30 05:34:49','2021-07-30 05:34:49'),(203,'43','4',0,'2021-07-30 05:34:49','2021-07-30 05:34:49'),(204,'43','5',0,'2021-07-30 05:34:49','2021-07-30 05:34:49'),(205,'43','15',0,'2021-07-30 05:34:49','2021-07-30 05:34:49'),(206,'44','4',0,'2021-07-30 05:34:49','2021-07-30 05:34:49'),(207,'45','4',0,'2021-07-30 05:34:49','2021-07-30 05:34:49'),(208,'46','1',0,'2021-07-30 05:34:49','2021-07-30 05:34:49'),(209,'46','2',0,'2021-07-30 05:34:49','2021-07-30 05:34:49'),(210,'46','3',0,'2021-07-30 05:34:49','2021-07-30 05:34:49'),(211,'46','4',0,'2021-07-30 05:34:49','2021-07-30 05:34:49'),(212,'47','4',0,'2021-07-30 05:34:49','2021-07-30 05:34:49'),(213,'47','5',0,'2021-07-30 05:34:49','2021-07-30 05:34:49'),(214,'47','12',0,'2021-07-30 05:34:49','2021-07-30 05:34:49'),(215,'47','19',0,'2021-07-30 05:34:49','2021-07-30 05:34:49'),(216,'47','21',0,'2021-07-30 05:34:49','2021-07-30 05:34:49'),(217,'47','24',0,'2021-07-30 05:34:49','2021-07-30 05:34:49'),(218,'47','25',0,'2021-07-30 05:34:49','2021-07-30 05:34:49'),(219,'47','26',0,'2021-07-30 05:34:49','2021-07-30 05:34:49'),(220,'47','27',0,'2021-07-30 05:34:49','2021-07-30 05:34:49'),(221,'47','31',0,'2021-07-30 05:34:49','2021-07-30 05:34:49'),(222,'47','33',0,'2021-07-30 05:34:49','2021-07-30 05:34:49'),(223,'48','4',0,'2021-07-30 05:34:49','2021-07-30 05:34:49'),(224,'48','5',0,'2021-07-30 05:34:49','2021-07-30 05:34:49'),(225,'48','8',0,'2021-07-30 05:34:49','2021-07-30 05:34:49'),(226,'48','14',0,'2021-07-30 05:34:49','2021-07-30 05:34:49'),(227,'48','16',0,'2021-07-30 05:34:49','2021-07-30 05:34:49'),(228,'48','31',0,'2021-07-30 05:34:49','2021-07-30 05:34:49'),(229,'49','4',0,'2021-07-30 05:34:49','2021-07-30 05:34:49'),(230,'49','5',0,'2021-07-30 05:34:49','2021-07-30 05:34:49'),(231,'49','7',0,'2021-07-30 05:34:49','2021-07-30 05:34:49'),(232,'49','8',0,'2021-07-30 05:34:49','2021-07-30 05:34:49'),(233,'49','11',0,'2021-07-30 05:34:49','2021-07-30 05:34:49'),(234,'49','13',0,'2021-07-30 05:34:49','2021-07-30 05:34:49'),(235,'49','14',0,'2021-07-30 05:34:49','2021-07-30 05:34:49'),(236,'49','15',0,'2021-07-30 05:34:49','2021-07-30 05:34:49'),(237,'49','16',0,'2021-07-30 05:34:49','2021-07-30 05:34:49'),(238,'49','17',0,'2021-07-30 05:34:49','2021-07-30 05:34:49'),(239,'49','19',0,'2021-07-30 05:34:49','2021-07-30 05:34:49'),(240,'49','20',0,'2021-07-30 05:34:49','2021-07-30 05:34:49'),(241,'49','25',0,'2021-07-30 05:34:49','2021-07-30 05:34:49'),(242,'49','26',0,'2021-07-30 05:34:49','2021-07-30 05:34:49'),(243,'49','29',0,'2021-07-30 05:34:49','2021-07-30 05:34:49'),(244,'50','4',0,'2021-07-30 05:34:49','2021-07-30 05:34:49'),(245,'50','5',0,'2021-07-30 05:34:49','2021-07-30 05:34:49'),(246,'50','26',0,'2021-07-30 05:34:49','2021-07-30 05:34:49'),(247,'50','28',0,'2021-07-30 05:34:49','2021-07-30 05:34:49'),(248,'50','29',0,'2021-07-30 05:34:49','2021-07-30 05:34:49'),(249,'50','32',0,'2021-07-30 05:34:49','2021-07-30 05:34:49'),(250,'51','4',0,'2021-07-30 05:34:49','2021-07-30 05:34:49'),(251,'51','7',0,'2021-07-30 05:34:49','2021-07-30 05:34:49'),(252,'51','11',0,'2021-07-30 05:34:49','2021-07-30 05:34:49'),(253,'51','22',0,'2021-07-30 05:34:49','2021-07-30 05:34:49'),(254,'51','26',0,'2021-07-30 05:34:49','2021-07-30 05:34:49'),(255,'51','30',0,'2021-07-30 05:34:49','2021-07-30 05:34:49'),(256,'51','32',0,'2021-07-30 05:34:49','2021-07-30 05:34:49'),(257,'52','4',0,'2021-07-30 05:34:49','2021-07-30 05:34:49'),(258,'52','5',0,'2021-07-30 05:34:49','2021-07-30 05:34:49'),(259,'53','4',0,'2021-07-30 05:34:49','2021-07-30 05:34:49'),(260,'53','5',0,'2021-07-30 05:34:49','2021-07-30 05:34:49'),(261,'53','31',0,'2021-07-30 05:34:49','2021-07-30 05:34:49'),(262,'54','5',0,'2021-07-30 05:34:49','2021-07-30 05:34:49'),(263,'54','28',0,'2021-07-30 05:34:49','2021-07-30 05:34:49'),(264,'54','33',0,'2021-07-30 05:34:49','2021-07-30 05:34:49'),(265,'55','5',0,'2021-07-30 05:34:49','2021-07-30 05:34:49'),(266,'55','18',0,'2021-07-30 05:34:49','2021-07-30 05:34:49'),(267,'56','5',0,'2021-07-30 05:34:49','2021-07-30 05:34:49'),(268,'57','5',0,'2021-07-30 05:34:49','2021-07-30 05:34:49'),(269,'58','5',0,'2021-07-30 05:34:49','2021-07-30 05:34:49'),(270,'58','10',0,'2021-07-30 05:34:49','2021-07-30 05:34:49'),(271,'58','19',0,'2021-07-30 05:34:49','2021-07-30 05:34:49'),(272,'58','29',0,'2021-07-30 05:34:49','2021-07-30 05:34:49'),(273,'58','32',0,'2021-07-30 05:34:49','2021-07-30 05:34:49'),(274,'59','5',0,'2021-07-30 05:34:49','2021-07-30 05:34:49'),(275,'60','5',0,'2021-07-30 05:34:49','2021-07-30 05:34:49'),(276,'60','8',0,'2021-07-30 05:34:49','2021-07-30 05:34:49'),(277,'61','6',0,'2021-07-30 05:34:49','2021-07-30 05:34:49'),(278,'62','6',0,'2021-07-30 05:34:49','2021-07-30 05:34:49'),(279,'62','19',0,'2021-07-30 05:34:49','2021-07-30 05:34:49'),(280,'63','6',0,'2021-07-30 05:34:49','2021-07-30 05:34:49'),(281,'63','7',0,'2021-07-30 05:34:49','2021-07-30 05:34:49'),(282,'64','6',0,'2021-07-30 05:34:49','2021-07-30 05:34:49'),(283,'65','6',0,'2021-07-30 05:34:49','2021-07-30 05:34:49'),(284,'65','8',0,'2021-07-30 05:34:49','2021-07-30 05:34:49'),(285,'66','6',0,'2021-07-30 05:34:49','2021-07-30 05:34:49'),(286,'66','14',0,'2021-07-30 05:34:49','2021-07-30 05:34:49'),(287,'67','6',0,'2021-07-30 05:34:49','2021-07-30 05:34:49'),(288,'68','6',0,'2021-07-30 05:34:49','2021-07-30 05:34:49'),(289,'69','6',0,'2021-07-30 05:34:49','2021-07-30 05:34:49'),(290,'70','6',0,'2021-07-30 05:34:49','2021-07-30 05:34:49'),(291,'71','7',0,'2021-07-30 05:34:49','2021-07-30 05:34:49'),(292,'71','14',0,'2021-07-30 05:34:49','2021-07-30 05:34:49'),(293,'71','22',0,'2021-07-30 05:34:49','2021-07-30 05:34:49'),(294,'71','23',0,'2021-07-30 05:34:49','2021-07-30 05:34:49'),(295,'71','26',0,'2021-07-30 05:34:49','2021-07-30 05:34:49'),(296,'72','7',0,'2021-07-30 05:34:49','2021-07-30 05:34:49'),(297,'72','9',0,'2021-07-30 05:34:49','2021-07-30 05:34:49'),(298,'72','13',0,'2021-07-30 05:34:49','2021-07-30 05:34:49'),(299,'72','19',0,'2021-07-30 05:34:49','2021-07-30 05:34:49'),(300,'72','26',0,'2021-07-30 05:34:49','2021-07-30 05:34:49'),(301,'72','29',0,'2021-07-30 05:34:49','2021-07-30 05:34:49'),(302,'72','32',0,'2021-07-30 05:34:49','2021-07-30 05:34:49'),(303,'73','7',0,'2021-07-30 05:34:49','2021-07-30 05:34:49'),(304,'73','13',0,'2021-07-30 05:34:49','2021-07-30 05:34:49'),(305,'73','16',0,'2021-07-30 05:34:49','2021-07-30 05:34:49'),(306,'73','17',0,'2021-07-30 05:34:49','2021-07-30 05:34:49'),(307,'73','18',0,'2021-07-30 05:34:49','2021-07-30 05:34:49'),(308,'73','19',0,'2021-07-30 05:34:49','2021-07-30 05:34:49'),(309,'73','22',0,'2021-07-30 05:34:49','2021-07-30 05:34:49'),(310,'74','7',0,'2021-07-30 05:34:49','2021-07-30 05:34:49'),(311,'74','8',0,'2021-07-30 05:34:49','2021-07-30 05:34:49'),(312,'74','10',0,'2021-07-30 05:34:49','2021-07-30 05:34:49'),(313,'74','13',0,'2021-07-30 05:34:49','2021-07-30 05:34:49'),(314,'74','16',0,'2021-07-30 05:34:49','2021-07-30 05:34:49'),(315,'74','18',0,'2021-07-30 05:34:49','2021-07-30 05:34:49'),(316,'74','19',0,'2021-07-30 05:34:49','2021-07-30 05:34:49'),(317,'74','20',0,'2021-07-30 05:34:49','2021-07-30 05:34:49'),(318,'74','22',0,'2021-07-30 05:34:49','2021-07-30 05:34:49'),(319,'74','26',0,'2021-07-30 05:34:49','2021-07-30 05:34:49'),(320,'74','28',0,'2021-07-30 05:34:49','2021-07-30 05:34:49'),(321,'74','32',0,'2021-07-30 05:34:49','2021-07-30 05:34:49'),(322,'75','7',0,'2021-07-30 05:34:49','2021-07-30 05:34:49'),(323,'75','12',0,'2021-07-30 05:34:49','2021-07-30 05:34:49'),(324,'75','13',0,'2021-07-30 05:34:49','2021-07-30 05:34:49'),(325,'75','16',0,'2021-07-30 05:34:49','2021-07-30 05:34:49'),(326,'75','18',0,'2021-07-30 05:34:49','2021-07-30 05:34:49'),(327,'75','19',0,'2021-07-30 05:34:49','2021-07-30 05:34:49'),(328,'75','27',0,'2021-07-30 05:34:49','2021-07-30 05:34:49'),(329,'75','28',0,'2021-07-30 05:34:49','2021-07-30 05:34:49'),(330,'76','7',0,'2021-07-30 05:34:49','2021-07-30 05:34:49'),(331,'77','7',0,'2021-07-30 05:34:49','2021-07-30 05:34:49'),(332,'77','22',0,'2021-07-30 05:34:49','2021-07-30 05:34:49'),(333,'78','7',0,'2021-07-30 05:34:49','2021-07-30 05:34:49'),(334,'79','8',0,'2021-07-30 05:34:49','2021-07-30 05:34:49'),(335,'79','33',0,'2021-07-30 05:34:49','2021-07-30 05:34:49'),(336,'80','8',0,'2021-07-30 05:34:49','2021-07-30 05:34:49'),(337,'81','8',0,'2021-07-30 05:34:49','2021-07-30 05:34:49'),(338,'82','8',0,'2021-07-30 05:34:49','2021-07-30 05:34:49'),(339,'82','11',0,'2021-07-30 05:34:49','2021-07-30 05:34:49'),(340,'83','8',0,'2021-07-30 05:34:49','2021-07-30 05:34:49'),(341,'83','11',0,'2021-07-30 05:34:49','2021-07-30 05:34:49'),(342,'84','8',0,'2021-07-30 05:34:49','2021-07-30 05:34:49'),(343,'85','8',0,'2021-07-30 05:34:49','2021-07-30 05:34:49'),(344,'85','11',0,'2021-07-30 05:34:49','2021-07-30 05:34:49'),(345,'85','32',0,'2021-07-30 05:34:49','2021-07-30 05:34:49'),(346,'86','8',0,'2021-07-30 05:34:49','2021-07-30 05:34:49'),(347,'86','11',0,'2021-07-30 05:34:49','2021-07-30 05:34:49'),(348,'86','20',0,'2021-07-30 05:34:49','2021-07-30 05:34:49'),(349,'87','8',0,'2021-07-30 05:34:49','2021-07-30 05:34:49'),(350,'88','8',0,'2021-07-30 05:34:49','2021-07-30 05:34:49'),(351,'88','10',0,'2021-07-30 05:34:49','2021-07-30 05:34:49'),(352,'89','8',0,'2021-07-30 05:34:49','2021-07-30 05:34:49'),(353,'89','20',0,'2021-07-30 05:34:49','2021-07-30 05:34:49'),(354,'90','8',0,'2021-07-30 05:34:49','2021-07-30 05:34:49'),(355,'91','8',0,'2021-07-30 05:34:49','2021-07-30 05:34:49'),(356,'92','10',0,'2021-07-30 05:34:49','2021-07-30 05:34:49'),(357,'92','11',0,'2021-07-30 05:34:49','2021-07-30 05:34:49'),(358,'92','13',0,'2021-07-30 05:34:49','2021-07-30 05:34:49'),(359,'92','14',0,'2021-07-30 05:34:49','2021-07-30 05:34:49'),(360,'92','17',0,'2021-07-30 05:34:49','2021-07-30 05:34:49'),(361,'92','22',0,'2021-07-30 05:34:49','2021-07-30 05:34:49'),(362,'92','24',0,'2021-07-30 05:34:49','2021-07-30 05:34:49'),(363,'92','26',0,'2021-07-30 05:34:49','2021-07-30 05:34:49'),(364,'92','27',0,'2021-07-30 05:34:49','2021-07-30 05:34:49'),(365,'93','10',0,'2021-07-30 05:34:49','2021-07-30 05:34:49'),(366,'93','13',0,'2021-07-30 05:34:49','2021-07-30 05:34:49'),(367,'93','18',0,'2021-07-30 05:34:49','2021-07-30 05:34:49'),(368,'93','19',0,'2021-07-30 05:34:49','2021-07-30 05:34:49'),(369,'93','24',0,'2021-07-30 05:34:49','2021-07-30 05:34:49'),(370,'93','25',0,'2021-07-30 05:34:49','2021-07-30 05:34:49'),(371,'94','10',0,'2021-07-30 05:34:49','2021-07-30 05:34:49'),(372,'94','21',0,'2021-07-30 05:34:49','2021-07-30 05:34:49'),(373,'95','10',0,'2021-07-30 05:34:49','2021-07-30 05:34:49'),(374,'96','10',0,'2021-07-30 05:34:49','2021-07-30 05:34:49'),(375,'96','17',0,'2021-07-30 05:34:49','2021-07-30 05:34:49'),(376,'96','33',0,'2021-07-30 05:34:49','2021-07-30 05:34:49'),(377,'97','11',0,'2021-07-30 05:34:49','2021-07-30 05:34:49'),(378,'97','20',0,'2021-07-30 05:34:49','2021-07-30 05:34:49'),(379,'98','11',0,'2021-07-30 05:34:49','2021-07-30 05:34:49'),(380,'99','11',0,'2021-07-30 05:34:49','2021-07-30 05:34:49'),(381,'100','11',0,'2021-07-30 05:34:49','2021-07-30 05:34:49'),(382,'100','14',0,'2021-07-30 05:34:49','2021-07-30 05:34:49'),(383,'100','17',0,'2021-07-30 05:34:49','2021-07-30 05:34:49'),(384,'100','20',0,'2021-07-30 05:34:49','2021-07-30 05:34:49'),(385,'101','12',0,'2021-07-30 05:34:49','2021-07-30 05:34:49'),(386,'101','23',0,'2021-07-30 05:34:49','2021-07-30 05:34:49'),(387,'101','33',0,'2021-07-30 05:34:49','2021-07-30 05:34:49'),(388,'102','14',0,'2021-07-30 05:34:49','2021-07-30 05:34:49'),(389,'103','14',0,'2021-07-30 05:34:49','2021-07-30 05:34:49'),(390,'103','16',0,'2021-07-30 05:34:49','2021-07-30 05:34:49'),(391,'104','14',0,'2021-07-30 05:34:49','2021-07-30 05:34:49'),(392,'105','14',0,'2021-07-30 05:34:49','2021-07-30 05:34:49'),(393,'105','20',0,'2021-07-30 05:34:49','2021-07-30 05:34:49'),(394,'105','26',0,'2021-07-30 05:34:49','2021-07-30 05:34:49'),(395,'105','29',0,'2021-07-30 05:34:49','2021-07-30 05:34:49'),(396,'106','15',0,'2021-07-30 05:34:49','2021-07-30 05:34:49'),(397,'106','26',0,'2021-07-30 05:34:49','2021-07-30 05:34:49'),(398,'107','15',0,'2021-07-30 05:34:49','2021-07-30 05:34:49'),(399,'108','15',0,'2021-07-30 05:34:49','2021-07-30 05:34:49'),(400,'109','17',0,'2021-07-30 05:34:49','2021-07-30 05:34:49'),(401,'110','18',0,'2021-07-30 05:34:49','2021-07-30 05:34:49'),(402,'111','19',0,'2021-07-30 05:34:49','2021-07-30 05:34:49'),(403,'111','21',0,'2021-07-30 05:34:49','2021-07-30 05:34:49'),(404,'111','22',0,'2021-07-30 05:34:49','2021-07-30 05:34:49'),(405,'111','23',0,'2021-07-30 05:34:49','2021-07-30 05:34:49'),(406,'111','26',0,'2021-07-30 05:34:49','2021-07-30 05:34:49'),(407,'111','29',0,'2021-07-30 05:34:49','2021-07-30 05:34:49'),(408,'112','19',0,'2021-07-30 05:34:49','2021-07-30 05:34:49'),(409,'112','23',0,'2021-07-30 05:34:49','2021-07-30 05:34:49'),(410,'113','20',0,'2021-07-30 05:34:49','2021-07-30 05:34:49'),(411,'113','26',0,'2021-07-30 05:34:49','2021-07-30 05:34:49'),(412,'113','32',0,'2021-07-30 05:34:49','2021-07-30 05:34:49'),(413,'114','20',0,'2021-07-30 05:34:49','2021-07-30 05:34:49'),(414,'115','20',0,'2021-07-30 05:34:49','2021-07-30 05:34:49'),(415,'116','21',0,'2021-07-30 05:34:49','2021-07-30 05:34:49'),(416,'116','32',0,'2021-07-30 05:34:49','2021-07-30 05:34:49'),(417,'117','21',0,'2021-07-30 05:34:49','2021-07-30 05:34:49'),(418,'117','30',0,'2021-07-30 05:34:49','2021-07-30 05:34:49'),(419,'118','21',0,'2021-07-30 05:34:49','2021-07-30 05:34:49'),(420,'119','21',0,'2021-07-30 05:34:49','2021-07-30 05:34:49'),(421,'120','21',0,'2021-07-30 05:34:49','2021-07-30 05:34:49'),(422,'120','33',0,'2021-07-30 05:34:49','2021-07-30 05:34:49'),(423,'121','21',0,'2021-07-30 05:34:49','2021-07-30 05:34:49'),(424,'122','21',0,'2021-07-30 05:34:49','2021-07-30 05:34:49'),(425,'123','21',0,'2021-07-30 05:34:49','2021-07-30 05:34:49'),(426,'124','28',0,'2021-07-30 05:34:49','2021-07-30 05:34:49');
/*!40000 ALTER TABLE `foodnutri` ENABLE KEYS */;
UNLOCK TABLES;

--
-- Table structure for table `menu`
--

DROP TABLE IF EXISTS `menu`;
/*!40101 SET @saved_cs_client     = @@character_set_client */;
/*!40101 SET character_set_client = utf8 */;
CREATE TABLE `menu` (
  `id` bigint(20) unsigned NOT NULL AUTO_INCREMENT,
  `name` varchar(255) COLLATE utf8_unicode_ci NOT NULL COMMENT '名前',
  `memo` varchar(255) COLLATE utf8_unicode_ci DEFAULT NULL COMMENT 'メモ',
  `servedate` date NOT NULL COMMENT '提供日',
  `timing` varchar(255) COLLATE utf8_unicode_ci NOT NULL COMMENT 'lunch/dinner',
  `created_at` timestamp NULL DEFAULT NULL,
  `updated_at` timestamp NULL DEFAULT NULL,
  PRIMARY KEY (`id`)
) ENGINE=InnoDB DEFAULT CHARSET=utf8 COLLATE=utf8_unicode_ci;
/*!40101 SET character_set_client = @saved_cs_client */;

--
-- Dumping data for table `menu`
--

LOCK TABLES `menu` WRITE;
/*!40000 ALTER TABLE `menu` DISABLE KEYS */;
/*!40000 ALTER TABLE `menu` ENABLE KEYS */;
UNLOCK TABLES;

--
-- Table structure for table `menufood`
--

DROP TABLE IF EXISTS `menufood`;
/*!40101 SET @saved_cs_client     = @@character_set_client */;
/*!40101 SET character_set_client = utf8 */;
CREATE TABLE `menufood` (
  `id` bigint(20) unsigned NOT NULL AUTO_INCREMENT,
  `menu_id` varchar(255) COLLATE utf8_unicode_ci NOT NULL COMMENT '献立',
  `food_id` varchar(255) COLLATE utf8_unicode_ci NOT NULL COMMENT '食材',
  `amount` int(11) NOT NULL DEFAULT 0 COMMENT '含有量：未使用',
  `created_at` timestamp NULL DEFAULT NULL,
  `updated_at` timestamp NULL DEFAULT NULL,
  PRIMARY KEY (`id`)
) ENGINE=InnoDB DEFAULT CHARSET=utf8 COLLATE=utf8_unicode_ci;
/*!40101 SET character_set_client = @saved_cs_client */;

--
-- Dumping data for table `menufood`
--

LOCK TABLES `menufood` WRITE;
/*!40000 ALTER TABLE `menufood` DISABLE KEYS */;
/*!40000 ALTER TABLE `menufood` ENABLE KEYS */;
UNLOCK TABLES;

--
-- Table structure for table `migrations`
--

DROP TABLE IF EXISTS `migrations`;
/*!40101 SET @saved_cs_client     = @@character_set_client */;
/*!40101 SET character_set_client = utf8 */;
CREATE TABLE `migrations` (
  `id` int(10) unsigned NOT NULL AUTO_INCREMENT,
  `migration` varchar(255) COLLATE utf8_unicode_ci NOT NULL,
  `batch` int(11) NOT NULL,
  PRIMARY KEY (`id`)
) ENGINE=InnoDB AUTO_INCREMENT=10 DEFAULT CHARSET=utf8 COLLATE=utf8_unicode_ci;
/*!40101 SET character_set_client = @saved_cs_client */;

--
-- Dumping data for table `migrations`
--

LOCK TABLES `migrations` WRITE;
/*!40000 ALTER TABLE `migrations` DISABLE KEYS */;
INSERT INTO `migrations` VALUES (1,'2014_10_12_000000_create_user_table',1),(2,'2014_10_12_100000_create_password_resets_table',1),(3,'2019_08_19_000000_create_failed_jobs_table',1),(4,'2021_07_14_000000_create_food',1),(5,'2021_07_14_000000_create_foodnutri',1),(6,'2021_07_14_000000_create_menu',1),(7,'2021_07_14_000000_create_menufood',1),(8,'2021_07_14_000000_create_nutri',1),(9,'2021_07_29_000000_add_foodkana',1);
/*!40000 ALTER TABLE `migrations` ENABLE KEYS */;
UNLOCK TABLES;

--
-- Table structure for table `nutri`
--

DROP TABLE IF EXISTS `nutri`;
/*!40101 SET @saved_cs_client     = @@character_set_client */;
/*!40101 SET character_set_client = utf8 */;
CREATE TABLE `nutri` (
  `id` bigint(20) unsigned NOT NULL AUTO_INCREMENT,
  `name` varchar(255) COLLATE utf8_unicode_ci NOT NULL COMMENT '名前',
  `dailyrequired` int(11) NOT NULL DEFAULT 0 COMMENT '1日の必須量：未使用',
  `pos` int(11) NOT NULL COMMENT '表示位置。昇順。',
  `created_at` timestamp NULL DEFAULT NULL,
  `updated_at` timestamp NULL DEFAULT NULL,
  PRIMARY KEY (`id`)
) ENGINE=InnoDB AUTO_INCREMENT=34 DEFAULT CHARSET=utf8 COLLATE=utf8_unicode_ci;
/*!40101 SET character_set_client = @saved_cs_client */;

--
-- Dumping data for table `nutri`
--

LOCK TABLES `nutri` WRITE;
/*!40000 ALTER TABLE `nutri` DISABLE KEYS */;
INSERT INTO `nutri` VALUES (1,'タンパク質',0,10,'2021-07-30 05:34:49','2021-07-30 05:34:49'),(2,'脂質',0,20,'2021-07-30 05:34:49','2021-07-30 05:34:49'),(3,'飽和脂肪酸',0,30,'2021-07-30 05:34:49','2021-07-30 05:34:49'),(4,'n-6系脂肪酸',0,40,'2021-07-30 05:34:49','2021-07-30 05:34:49'),(5,'n-3系脂肪酸',0,50,'2021-07-30 05:34:49','2021-07-30 05:34:49'),(6,'炭水化物',0,60,'2021-07-30 05:34:49','2021-07-30 05:34:49'),(7,'食物繊維',0,70,'2021-07-30 05:34:49','2021-07-30 05:34:49'),(8,'ビタミンA',0,80,'2021-07-30 05:34:49','2021-07-30 05:34:49'),(9,'ビタミンD',0,90,'2021-07-30 05:34:49','2021-07-30 05:34:49'),(10,'ビタミンE',0,100,'2021-07-30 05:34:49','2021-07-30 05:34:49'),(11,'ビタミンK',0,110,'2021-07-30 05:34:49','2021-07-30 05:34:49'),(12,'ビタミンB1',0,120,'2021-07-30 05:34:49','2021-07-30 05:34:49'),(13,'ビタミンB2',0,130,'2021-07-30 05:34:49','2021-07-30 05:34:49'),(14,'ビタミンB6',0,140,'2021-07-30 05:34:49','2021-07-30 05:34:49'),(15,'ビタミンB12',0,150,'2021-07-30 05:34:49','2021-07-30 05:34:49'),(16,'ナイアシン',0,160,'2021-07-30 05:34:49','2021-07-30 05:34:49'),(17,'葉酸',0,170,'2021-07-30 05:34:49','2021-07-30 05:34:49'),(18,'パントテン酸',0,180,'2021-07-30 05:34:49','2021-07-30 05:34:49'),(19,'ビオチン',0,190,'2021-07-30 05:34:49','2021-07-30 05:34:49'),(20,'ビタミンC',0,200,'2021-07-30 05:34:49','2021-07-30 05:34:49'),(21,'ナトリウム',0,210,'2021-07-30 05:34:49','2021-07-30 05:34:49'),(22,'カリウム',0,220,'2021-07-30 05:34:49','2021-07-30 05:34:49'),(23,'カルシウム',0,230,'2021-07-30 05:34:49','2021-07-30 05:34:49'),(24,'マグネシウム',0,240,'2021-07-30 05:34:49','2021-07-30 05:34:49'),(25,'リン',0,250,'2021-07-30 05:34:49','2021-07-30 05:34:49'),(26,'鉄',0,260,'2021-07-30 05:34:49','2021-07-30 05:34:49'),(27,'亜鉛',0,270,'2021-07-30 05:34:49','2021-07-30 05:34:49'),(28,'銅',0,280,'2021-07-30 05:34:49','2021-07-30 05:34:49'),(29,'マンガン',0,290,'2021-07-30 05:34:49','2021-07-30 05:34:49'),(30,'ヨウ素',0,300,'2021-07-30 05:34:49','2021-07-30 05:34:49'),(31,'セレン',0,310,'2021-07-30 05:34:49','2021-07-30 05:34:49'),(32,'クロム',0,320,'2021-07-30 05:34:49','2021-07-30 05:34:49'),(33,'モリブデン',0,330,'2021-07-30 05:34:49','2021-07-30 05:34:49');
/*!40000 ALTER TABLE `nutri` ENABLE KEYS */;
UNLOCK TABLES;

--
-- Table structure for table `password_resets`
--

DROP TABLE IF EXISTS `password_resets`;
/*!40101 SET @saved_cs_client     = @@character_set_client */;
/*!40101 SET character_set_client = utf8 */;
CREATE TABLE `password_resets` (
  `email` varchar(255) COLLATE utf8_unicode_ci NOT NULL,
  `token` varchar(255) COLLATE utf8_unicode_ci NOT NULL,
  `created_at` timestamp NULL DEFAULT NULL,
  KEY `password_resets_email_index` (`email`)
) ENGINE=InnoDB DEFAULT CHARSET=utf8 COLLATE=utf8_unicode_ci;
/*!40101 SET character_set_client = @saved_cs_client */;

--
-- Dumping data for table `password_resets`
--

LOCK TABLES `password_resets` WRITE;
/*!40000 ALTER TABLE `password_resets` DISABLE KEYS */;
/*!40000 ALTER TABLE `password_resets` ENABLE KEYS */;
UNLOCK TABLES;

--
-- Table structure for table `user`
--

DROP TABLE IF EXISTS `user`;
/*!40101 SET @saved_cs_client     = @@character_set_client */;
/*!40101 SET character_set_client = utf8 */;
CREATE TABLE `user` (
  `id` bigint(20) unsigned NOT NULL AUTO_INCREMENT,
  `name` varchar(255) COLLATE utf8_unicode_ci NOT NULL,
  `display_name` varchar(255) COLLATE utf8_unicode_ci NOT NULL,
  `role` varchar(255) COLLATE utf8_unicode_ci NOT NULL DEFAULT 'admin',
  `email` varchar(255) COLLATE utf8_unicode_ci DEFAULT NULL,
  `email_verified_at` timestamp NULL DEFAULT NULL,
  `password` varchar(255) COLLATE utf8_unicode_ci NOT NULL,
  `remember_token` varchar(100) COLLATE utf8_unicode_ci DEFAULT NULL,
  `last_datetime` datetime DEFAULT NULL,
  `last_action` varchar(255) COLLATE utf8_unicode_ci DEFAULT NULL,
  `last_user_id` bigint(20) DEFAULT NULL COMMENT '編集者のuser_ID',
  `created_at` timestamp NULL DEFAULT NULL,
  `updated_at` timestamp NULL DEFAULT NULL,
  PRIMARY KEY (`id`)
) ENGINE=InnoDB AUTO_INCREMENT=3 DEFAULT CHARSET=utf8 COLLATE=utf8_unicode_ci;
/*!40101 SET character_set_client = @saved_cs_client */;

--
-- Dumping data for table `user`
--

LOCK TABLES `user` WRITE;
/*!40000 ALTER TABLE `user` DISABLE KEYS */;
INSERT INTO `user` VALUES (1,'nutri_bdd_admin','開発者用管理者','admin','mizuno_k+nutri_bdd_admin@cranpun.sub.jp','2021-07-30 05:34:49','$2y$10$Sbjg0oCnsavSp71.IJvtEuiiFAc9S6vgBpX.3AwanJkzJk88rCG.C',NULL,NULL,NULL,NULL,'2021-07-30 05:34:49','2021-07-30 05:34:49'),(2,'bdd_test_admin','bddテスト用管理者','admin',NULL,NULL,'$2y$10$Fzn0kn4mqyu2zqSwn8vm6..6EsX3liDXTQS.mcBwRPe5P.2kiE.Ae',NULL,NULL,NULL,1,'2021-07-30 05:34:59','2021-07-30 05:34:59');
/*!40000 ALTER TABLE `user` ENABLE KEYS */;
UNLOCK TABLES;
/*!40103 SET TIME_ZONE=@OLD_TIME_ZONE */;

/*!40101 SET SQL_MODE=@OLD_SQL_MODE */;
/*!40014 SET FOREIGN_KEY_CHECKS=@OLD_FOREIGN_KEY_CHECKS */;
/*!40014 SET UNIQUE_CHECKS=@OLD_UNIQUE_CHECKS */;
/*!40101 SET CHARACTER_SET_CLIENT=@OLD_CHARACTER_SET_CLIENT */;
/*!40101 SET CHARACTER_SET_RESULTS=@OLD_CHARACTER_SET_RESULTS */;
/*!40101 SET COLLATION_CONNECTION=@OLD_COLLATION_CONNECTION */;
/*!40111 SET SQL_NOTES=@OLD_SQL_NOTES */;

-- Dump completed on 2021-07-30 14:35:01
