-- MySQL dump 10.19  Distrib 10.3.29-MariaDB, for debian-linux-gnu (x86_64)
--
-- Host: localhost    Database: homestead
-- ------------------------------------------------------
-- Server version	10.3.29-MariaDB-0ubuntu0.20.04.1-log

/*!40101 SET @OLD_CHARACTER_SET_CLIENT=@@CHARACTER_SET_CLIENT */;
/*!40101 SET @OLD_CHARACTER_SET_RESULTS=@@CHARACTER_SET_RESULTS */;
/*!40101 SET @OLD_COLLATION_CONNECTION=@@COLLATION_CONNECTION */;
/*!40101 SET NAMES utf8mb4 */;
/*!40103 SET @OLD_TIME_ZONE=@@TIME_ZONE */;
/*!40103 SET TIME_ZONE='+00:00' */;
/*!40014 SET @OLD_UNIQUE_CHECKS=@@UNIQUE_CHECKS, UNIQUE_CHECKS=0 */;
/*!40014 SET @OLD_FOREIGN_KEY_CHECKS=@@FOREIGN_KEY_CHECKS, FOREIGN_KEY_CHECKS=0 */;
/*!40101 SET @OLD_SQL_MODE=@@SQL_MODE, SQL_MODE='NO_AUTO_VALUE_ON_ZERO' */;
/*!40111 SET @OLD_SQL_NOTES=@@SQL_NOTES, SQL_NOTES=0 */;

--
-- Table structure for table `failed_jobs`
--

DROP TABLE IF EXISTS `failed_jobs`;
/*!40101 SET @saved_cs_client     = @@character_set_client */;
/*!40101 SET character_set_client = utf8 */;
CREATE TABLE `failed_jobs` (
  `id` bigint(20) unsigned NOT NULL AUTO_INCREMENT,
  `uuid` varchar(255) COLLATE utf8mb4_unicode_ci NOT NULL,
  `connection` text COLLATE utf8mb4_unicode_ci NOT NULL,
  `queue` text COLLATE utf8mb4_unicode_ci NOT NULL,
  `payload` longtext COLLATE utf8mb4_unicode_ci NOT NULL,
  `exception` longtext COLLATE utf8mb4_unicode_ci NOT NULL,
  `failed_at` timestamp NOT NULL DEFAULT current_timestamp(),
  PRIMARY KEY (`id`),
  UNIQUE KEY `failed_jobs_uuid_unique` (`uuid`)
) ENGINE=InnoDB DEFAULT CHARSET=utf8mb4 COLLATE=utf8mb4_unicode_ci;
/*!40101 SET character_set_client = @saved_cs_client */;

--
-- Dumping data for table `failed_jobs`
--

LOCK TABLES `failed_jobs` WRITE;
/*!40000 ALTER TABLE `failed_jobs` DISABLE KEYS */;
/*!40000 ALTER TABLE `failed_jobs` ENABLE KEYS */;
UNLOCK TABLES;

--
-- Table structure for table `food`
--

DROP TABLE IF EXISTS `food`;
/*!40101 SET @saved_cs_client     = @@character_set_client */;
/*!40101 SET character_set_client = utf8 */;
CREATE TABLE `food` (
  `id` bigint(20) unsigned NOT NULL AUTO_INCREMENT,
  `name` varchar(255) COLLATE utf8mb4_unicode_ci NOT NULL COMMENT '名前',
  `category` varchar(255) COLLATE utf8mb4_unicode_ci NOT NULL COMMENT 'カテゴリ：vegetable,meat,seafood,grain(穀物),fruit,seasoning（調味料）,etc（その他）',
  `favorite` int(11) NOT NULL DEFAULT 0 COMMENT 'お気に入り。昇順。',
  `created_at` timestamp NULL DEFAULT NULL,
  `updated_at` timestamp NULL DEFAULT NULL,
  PRIMARY KEY (`id`)
) ENGINE=InnoDB AUTO_INCREMENT=125 DEFAULT CHARSET=utf8mb4 COLLATE=utf8mb4_unicode_ci;
/*!40101 SET character_set_client = @saved_cs_client */;

--
-- Dumping data for table `food`
--

LOCK TABLES `food` WRITE;
/*!40000 ALTER TABLE `food` DISABLE KEYS */;
INSERT INTO `food` VALUES (1,'豚肉','meat',0,'2021-07-16 08:36:59','2021-07-16 08:36:59'),(2,'卵','etc',0,'2021-07-16 08:36:59','2021-07-16 08:36:59'),(3,'牛乳','etc',0,'2021-07-16 08:36:59','2021-07-16 08:36:59'),(4,'大豆','vegetable',0,'2021-07-16 08:36:59','2021-07-16 08:36:59'),(5,'さけ','seafood',100,'2021-07-16 08:36:59','2021-07-16 08:36:59'),(6,'鰹節','seafood',0,'2021-07-16 08:36:59','2021-07-16 08:36:59'),(7,'いわし','seafood',100,'2021-07-16 08:36:59','2021-07-16 08:36:59'),(8,'さば','seafood',100,'2021-07-16 08:36:59','2021-07-16 08:36:59'),(9,'たら','seafood',100,'2021-07-16 08:36:59','2021-07-16 08:36:59'),(10,'小麦','grain',100,'2021-07-16 08:36:59','2021-07-16 08:36:59'),(11,'いか','seafood',100,'2021-07-16 08:36:59','2021-07-16 08:36:59'),(12,'たこ','seafood',100,'2021-07-16 08:36:59','2021-07-16 08:36:59'),(13,'貝柱','seafood',100,'2021-07-16 08:36:59','2021-07-16 08:36:59'),(14,'干しエビ','seafood',100,'2021-07-16 08:36:59','2021-07-16 08:36:59'),(15,'牛肉','meat',100,'2021-07-16 08:36:59','2021-07-16 08:36:59'),(16,'湯葉','etc',100,'2021-07-16 08:36:59','2021-07-16 08:36:59'),(17,'あじ','seafood',100,'2021-07-16 08:36:59','2021-07-16 08:36:59'),(18,'オリーブ油','etc',100,'2021-07-16 08:36:59','2021-07-16 08:36:59'),(19,'マーガリン','etc',100,'2021-07-16 08:36:59','2021-07-16 08:36:59'),(20,'バター','etc',100,'2021-07-16 08:36:59','2021-07-16 08:36:59'),(21,'マカダミアナッツ','etc',100,'2021-07-16 08:36:59','2021-07-16 08:36:59'),(22,'牛肉','meat',100,'2021-07-16 08:36:59','2021-07-16 08:36:59'),(23,'くるみ','etc',100,'2021-07-16 08:36:59','2021-07-16 08:36:59'),(24,'ココナツパウダー','etc',100,'2021-07-16 08:36:59','2021-07-16 08:36:59'),(25,'ごま','etc',100,'2021-07-16 08:36:59','2021-07-16 08:36:59'),(26,'アーモンド','etc',100,'2021-07-16 08:36:59','2021-07-16 08:36:59'),(27,'ピスタチオ','etc',100,'2021-07-16 08:36:59','2021-07-16 08:36:59'),(28,'ピーナッツ','etc',100,'2021-07-16 08:36:59','2021-07-16 08:36:59'),(29,'鶏肉','meat',0,'2021-07-16 08:36:59','2021-07-16 08:36:59'),(30,'牛脂','etc',100,'2021-07-16 08:36:59','2021-07-16 08:36:59'),(31,'ラード','etc',100,'2021-07-16 08:36:59','2021-07-16 08:36:59'),(32,'チョコレート','etc',100,'2021-07-16 08:36:59','2021-07-16 08:36:59'),(33,'チーズ','etc',100,'2021-07-16 08:36:59','2021-07-16 08:36:59'),(34,'ホイップクリーム','etc',100,'2021-07-16 08:36:59','2021-07-16 08:36:59'),(35,'ツナ缶','seafood',0,'2021-07-16 08:36:59','2021-07-16 08:36:59'),(36,'ポテトチップス','etc',100,'2021-07-16 08:36:59','2021-07-16 08:36:59'),(37,'ラー油','etc',100,'2021-07-16 08:36:59','2021-07-16 08:36:59'),(38,'マヨネーズ','etc',100,'2021-07-16 08:36:59','2021-07-16 08:36:59'),(39,'昆布','seafood',100,'2021-07-16 08:36:59','2021-07-16 08:36:59'),(40,'わかめ','seafood',0,'2021-07-16 08:36:59','2021-07-16 08:36:59'),(41,'うなぎ','seafood',100,'2021-07-16 08:36:59','2021-07-16 08:36:59'),(42,'さわら','seafood',100,'2021-07-16 08:36:59','2021-07-16 08:36:59'),(43,'さんま','seafood',100,'2021-07-16 08:36:59','2021-07-16 08:36:59'),(44,'練乳','etc',100,'2021-07-16 08:36:59','2021-07-16 08:36:59'),(45,'アイスクリーム','etc',100,'2021-07-16 08:36:59','2021-07-16 08:36:59'),(46,'ウィンナー','meat',0,'2021-07-16 08:36:59','2021-07-16 08:36:59'),(47,'からし','etc',100,'2021-07-16 08:36:59','2021-07-16 08:36:59'),(48,'まぐろ','seafood',100,'2021-07-16 08:36:59','2021-07-16 08:36:59'),(49,'のり','seafood',100,'2021-07-16 08:36:59','2021-07-16 08:36:59'),(50,'こしょう','etc',100,'2021-07-16 08:36:59','2021-07-16 08:36:59'),(51,'ひじき','seafood',100,'2021-07-16 08:36:59','2021-07-16 08:36:59'),(52,'たい','seafood',100,'2021-07-16 08:36:59','2021-07-16 08:36:59'),(53,'ぶり','seafood',100,'2021-07-16 08:36:59','2021-07-16 08:36:59'),(54,'そらまめ','vegetable',100,'2021-07-16 08:36:59','2021-07-16 08:36:59'),(55,'しめじ','vegetable',100,'2021-07-16 08:36:59','2021-07-16 08:36:59'),(56,'油揚げ','etc',0,'2021-07-16 08:36:59','2021-07-16 08:36:59'),(57,'おから','etc',100,'2021-07-16 08:36:59','2021-07-16 08:36:59'),(58,'きな粉','etc',100,'2021-07-16 08:36:59','2021-07-16 08:36:59'),(59,'はまち','seafood',100,'2021-07-16 08:36:59','2021-07-16 08:36:59'),(60,'あなご','seafood',100,'2021-07-16 08:36:59','2021-07-16 08:36:59'),(61,'さとう','etc',100,'2021-07-16 08:36:59','2021-07-16 08:36:59'),(62,'黒砂糖','etc',100,'2021-07-16 08:36:59','2021-07-16 08:36:59'),(63,'寒天','seafood',100,'2021-07-16 08:36:59','2021-07-16 08:36:59'),(64,'米','grain',0,'2021-07-16 08:36:59','2021-07-16 08:36:59'),(65,'とうもろこし','vegetable',100,'2021-07-16 08:36:59','2021-07-16 08:36:59'),(66,'じゃがいも','vegetable',100,'2021-07-16 08:36:59','2021-07-16 08:36:59'),(67,'はちみつ','etc',100,'2021-07-16 08:36:59','2021-07-16 08:36:59'),(68,'ココア','etc',100,'2021-07-16 08:36:59','2021-07-16 08:36:59'),(69,'でんぶ','etc',100,'2021-07-16 08:36:59','2021-07-16 08:36:59'),(70,'せんべい・あられ','etc',100,'2021-07-16 08:36:59','2021-07-16 08:36:59'),(71,'こんにゃく','etc',100,'2021-07-16 08:36:59','2021-07-16 08:36:59'),(72,'きくらげ','vegetable',100,'2021-07-16 08:36:59','2021-07-16 08:36:59'),(73,'しいたけ','vegetable',100,'2021-07-16 08:36:59','2021-07-16 08:36:59'),(74,'とうがらし','vegetable',100,'2021-07-16 08:36:59','2021-07-16 08:36:59'),(75,'まいたけ','vegetable',100,'2021-07-16 08:36:59','2021-07-16 08:36:59'),(76,'あんこ','etc',100,'2021-07-16 08:36:59','2021-07-16 08:36:59'),(77,'だいこん','vegetable',0,'2021-07-16 08:36:59','2021-07-16 08:36:59'),(78,'ごぼう','vegetable',100,'2021-07-16 08:36:59','2021-07-16 08:36:59'),(79,'いんげん','vegetable',100,'2021-07-16 08:36:59','2021-07-16 08:36:59'),(80,'にんじん','vegetable',0,'2021-07-16 08:36:59','2021-07-16 08:36:59'),(81,'パプリカ','vegetable',100,'2021-07-16 08:36:59','2021-07-16 08:36:59'),(82,'春菊','vegetable',100,'2021-07-16 08:36:59','2021-07-16 08:36:59'),(83,'大葉','vegetable',100,'2021-07-16 08:36:59','2021-07-16 08:36:59'),(84,'パセリ','vegetable',100,'2021-07-16 08:36:59','2021-07-16 08:36:59'),(85,'ほうれん草','vegetable',100,'2021-07-16 08:36:59','2021-07-16 08:36:59'),(86,'モロヘイヤ','vegetable',100,'2021-07-16 08:36:59','2021-07-16 08:36:59'),(87,'よもぎ','vegetable',100,'2021-07-16 08:36:59','2021-07-16 08:36:59'),(88,'かぼちゃ','vegetable',100,'2021-07-16 08:36:59','2021-07-16 08:36:59'),(89,'ピーマン','vegetable',0,'2021-07-16 08:36:59','2021-07-16 08:36:59'),(90,'いよかん','fruit',100,'2021-07-16 08:36:59','2021-07-16 08:36:59'),(91,'桃','etc',100,'2021-07-16 08:36:59','2021-07-16 08:36:59'),(92,'抹茶','etc',100,'2021-07-16 08:36:59','2021-07-16 08:36:59'),(93,'そば','grain',0,'2021-07-16 08:36:59','2021-07-16 08:36:59'),(94,'味噌','etc',100,'2021-07-16 08:36:59','2021-07-16 08:36:59'),(95,'マヨネーズ','etc',100,'2021-07-16 08:36:59','2021-07-16 08:36:59'),(96,'枝豆','vegetable',100,'2021-07-16 08:36:59','2021-07-16 08:36:59'),(97,'かぶ','vegetable',100,'2021-07-16 08:36:59','2021-07-16 08:36:59'),(98,'にら','vegetable',100,'2021-07-16 08:36:59','2021-07-16 08:36:59'),(99,'小松菜','vegetable',0,'2021-07-16 08:36:59','2021-07-16 08:36:59'),(100,'ブロッコリー','vegetable',100,'2021-07-16 08:36:59','2021-07-16 08:36:59'),(101,'えんどう豆','vegetable',100,'2021-07-16 08:36:59','2021-07-16 08:36:59'),(102,'にんにく','vegetable',0,'2021-07-16 08:36:59','2021-07-16 08:36:59'),(103,'かつお','seafood',100,'2021-07-16 08:36:59','2021-07-16 08:36:59'),(104,'バナナ','fruit',100,'2021-07-16 08:36:59','2021-07-16 08:36:59'),(105,'しょうが','etc',100,'2021-07-16 08:36:59','2021-07-16 08:36:59'),(106,'あさり','seafood',100,'2021-07-16 08:36:59','2021-07-16 08:36:59'),(107,'しじみ','seafood',100,'2021-07-16 08:36:59','2021-07-16 08:36:59'),(108,'はまぐり','seafood',100,'2021-07-16 08:36:59','2021-07-16 08:36:59'),(109,'そら豆','vegetable',100,'2021-07-16 08:36:59','2021-07-16 08:36:59'),(110,'納豆','etc',100,'2021-07-16 08:36:59','2021-07-16 08:36:59'),(111,'カレー粉','etc',100,'2021-07-16 08:36:59','2021-07-16 08:36:59'),(112,'さんしょう','etc',100,'2021-07-16 08:36:59','2021-07-16 08:36:59'),(113,'わさび','etc',100,'2021-07-16 08:36:59','2021-07-16 08:36:59'),(114,'レモン','fruit',100,'2021-07-16 08:36:59','2021-07-16 08:36:59'),(115,'キウイフルーツ','fruit',100,'2021-07-16 08:36:59','2021-07-16 08:36:59'),(116,'梅干し','etc',100,'2021-07-16 08:36:59','2021-07-16 08:36:59'),(117,'昆布茶','etc',100,'2021-07-16 08:36:59','2021-07-16 08:36:59'),(118,'ウスターソース','etc',100,'2021-07-16 08:36:59','2021-07-16 08:36:59'),(119,'豆板醤','etc',100,'2021-07-16 08:36:59','2021-07-16 08:36:59'),(120,'しょうゆ','etc',100,'2021-07-16 08:36:59','2021-07-16 08:36:59'),(121,'塩','etc',100,'2021-07-16 08:36:59','2021-07-16 08:36:59'),(122,'めんつゆ','etc',100,'2021-07-16 08:36:59','2021-07-16 08:36:59'),(123,'オイスターソース','etc',100,'2021-07-16 08:36:59','2021-07-16 08:36:59'),(124,'えび','seafood',100,'2021-07-16 08:36:59','2021-07-16 08:36:59');
/*!40000 ALTER TABLE `food` ENABLE KEYS */;
UNLOCK TABLES;

--
-- Table structure for table `foodnutri`
--

DROP TABLE IF EXISTS `foodnutri`;
/*!40101 SET @saved_cs_client     = @@character_set_client */;
/*!40101 SET character_set_client = utf8 */;
CREATE TABLE `foodnutri` (
  `id` bigint(20) unsigned NOT NULL AUTO_INCREMENT,
  `food_id` varchar(255) COLLATE utf8mb4_unicode_ci NOT NULL COMMENT '食材',
  `nutri_id` varchar(255) COLLATE utf8mb4_unicode_ci NOT NULL COMMENT '栄養素',
  `amount` int(11) NOT NULL DEFAULT 0 COMMENT '含有量：未使用',
  `created_at` timestamp NULL DEFAULT NULL,
  `updated_at` timestamp NULL DEFAULT NULL,
  PRIMARY KEY (`id`)
) ENGINE=InnoDB AUTO_INCREMENT=427 DEFAULT CHARSET=utf8mb4 COLLATE=utf8mb4_unicode_ci;
/*!40101 SET character_set_client = @saved_cs_client */;

--
-- Dumping data for table `foodnutri`
--

LOCK TABLES `foodnutri` WRITE;
/*!40000 ALTER TABLE `foodnutri` DISABLE KEYS */;
INSERT INTO `foodnutri` VALUES (1,'1','1',0,'2021-07-16 08:36:59','2021-07-16 08:36:59'),(2,'1','2',0,'2021-07-16 08:36:59','2021-07-16 08:36:59'),(3,'1','3',0,'2021-07-16 08:36:59','2021-07-16 08:36:59'),(4,'1','4',0,'2021-07-16 08:36:59','2021-07-16 08:36:59'),(5,'1','12',0,'2021-07-16 08:36:59','2021-07-16 08:36:59'),(6,'1','14',0,'2021-07-16 08:36:59','2021-07-16 08:36:59'),(7,'1','16',0,'2021-07-16 08:36:59','2021-07-16 08:36:59'),(8,'1','27',0,'2021-07-16 08:36:59','2021-07-16 08:36:59'),(9,'1','32',0,'2021-07-16 08:36:59','2021-07-16 08:36:59'),(10,'2','1',0,'2021-07-16 08:36:59','2021-07-16 08:36:59'),(11,'2','4',0,'2021-07-16 08:36:59','2021-07-16 08:36:59'),(12,'2','8',0,'2021-07-16 08:36:59','2021-07-16 08:36:59'),(13,'2','18',0,'2021-07-16 08:36:59','2021-07-16 08:36:59'),(14,'2','19',0,'2021-07-16 08:36:59','2021-07-16 08:36:59'),(15,'2','25',0,'2021-07-16 08:36:59','2021-07-16 08:36:59'),(16,'2','31',0,'2021-07-16 08:36:59','2021-07-16 08:36:59'),(17,'3','1',0,'2021-07-16 08:36:59','2021-07-16 08:36:59'),(18,'3','8',0,'2021-07-16 08:36:59','2021-07-16 08:36:59'),(19,'3','13',0,'2021-07-16 08:36:59','2021-07-16 08:36:59'),(20,'3','23',0,'2021-07-16 08:36:59','2021-07-16 08:36:59'),(21,'3','25',0,'2021-07-16 08:36:59','2021-07-16 08:36:59'),(22,'4','1',0,'2021-07-16 08:36:59','2021-07-16 08:36:59'),(23,'4','4',0,'2021-07-16 08:36:59','2021-07-16 08:36:59'),(24,'4','5',0,'2021-07-16 08:36:59','2021-07-16 08:36:59'),(25,'4','7',0,'2021-07-16 08:36:59','2021-07-16 08:36:59'),(26,'4','10',0,'2021-07-16 08:36:59','2021-07-16 08:36:59'),(27,'4','11',0,'2021-07-16 08:36:59','2021-07-16 08:36:59'),(28,'4','12',0,'2021-07-16 08:36:59','2021-07-16 08:36:59'),(29,'4','17',0,'2021-07-16 08:36:59','2021-07-16 08:36:59'),(30,'4','19',0,'2021-07-16 08:36:59','2021-07-16 08:36:59'),(31,'4','21',0,'2021-07-16 08:36:59','2021-07-16 08:36:59'),(32,'4','22',0,'2021-07-16 08:36:59','2021-07-16 08:36:59'),(33,'4','23',0,'2021-07-16 08:36:59','2021-07-16 08:36:59'),(34,'4','24',0,'2021-07-16 08:36:59','2021-07-16 08:36:59'),(35,'4','25',0,'2021-07-16 08:36:59','2021-07-16 08:36:59'),(36,'4','26',0,'2021-07-16 08:36:59','2021-07-16 08:36:59'),(37,'4','27',0,'2021-07-16 08:36:59','2021-07-16 08:36:59'),(38,'4','28',0,'2021-07-16 08:36:59','2021-07-16 08:36:59'),(39,'4','29',0,'2021-07-16 08:36:59','2021-07-16 08:36:59'),(40,'4','33',0,'2021-07-16 08:36:59','2021-07-16 08:36:59'),(41,'5','1',0,'2021-07-16 08:36:59','2021-07-16 08:36:59'),(42,'5','4',0,'2021-07-16 08:36:59','2021-07-16 08:36:59'),(43,'5','5',0,'2021-07-16 08:36:59','2021-07-16 08:36:59'),(44,'5','8',0,'2021-07-16 08:36:59','2021-07-16 08:36:59'),(45,'5','9',0,'2021-07-16 08:36:59','2021-07-16 08:36:59'),(46,'5','14',0,'2021-07-16 08:36:59','2021-07-16 08:36:59'),(47,'6','1',0,'2021-07-16 08:36:59','2021-07-16 08:36:59'),(48,'6','9',0,'2021-07-16 08:36:59','2021-07-16 08:36:59'),(49,'6','15',0,'2021-07-16 08:36:59','2021-07-16 08:36:59'),(50,'6','31',0,'2021-07-16 08:36:59','2021-07-16 08:36:59'),(51,'7','1',0,'2021-07-16 08:36:59','2021-07-16 08:36:59'),(52,'7','4',0,'2021-07-16 08:36:59','2021-07-16 08:36:59'),(53,'7','5',0,'2021-07-16 08:36:59','2021-07-16 08:36:59'),(54,'7','8',0,'2021-07-16 08:36:59','2021-07-16 08:36:59'),(55,'7','9',0,'2021-07-16 08:36:59','2021-07-16 08:36:59'),(56,'7','14',0,'2021-07-16 08:36:59','2021-07-16 08:36:59'),(57,'7','15',0,'2021-07-16 08:36:59','2021-07-16 08:36:59'),(58,'7','16',0,'2021-07-16 08:36:59','2021-07-16 08:36:59'),(59,'7','17',0,'2021-07-16 08:36:59','2021-07-16 08:36:59'),(60,'7','24',0,'2021-07-16 08:36:59','2021-07-16 08:36:59'),(61,'7','25',0,'2021-07-16 08:36:59','2021-07-16 08:36:59'),(62,'7','27',0,'2021-07-16 08:36:59','2021-07-16 08:36:59'),(63,'8','1',0,'2021-07-16 08:36:59','2021-07-16 08:36:59'),(64,'8','4',0,'2021-07-16 08:36:59','2021-07-16 08:36:59'),(65,'8','5',0,'2021-07-16 08:36:59','2021-07-16 08:36:59'),(66,'8','13',0,'2021-07-16 08:36:59','2021-07-16 08:36:59'),(67,'8','15',0,'2021-07-16 08:36:59','2021-07-16 08:36:59'),(68,'8','16',0,'2021-07-16 08:36:59','2021-07-16 08:36:59'),(69,'8','30',0,'2021-07-16 08:36:59','2021-07-16 08:36:59'),(70,'8','31',0,'2021-07-16 08:36:59','2021-07-16 08:36:59'),(71,'9','1',0,'2021-07-16 08:36:59','2021-07-16 08:36:59'),(72,'9','5',0,'2021-07-16 08:36:59','2021-07-16 08:36:59'),(73,'9','8',0,'2021-07-16 08:36:59','2021-07-16 08:36:59'),(74,'9','15',0,'2021-07-16 08:36:59','2021-07-16 08:36:59'),(75,'10','1',0,'2021-07-16 08:36:59','2021-07-16 08:36:59'),(76,'10','10',0,'2021-07-16 08:36:59','2021-07-16 08:36:59'),(77,'10','12',0,'2021-07-16 08:36:59','2021-07-16 08:36:59'),(78,'10','13',0,'2021-07-16 08:36:59','2021-07-16 08:36:59'),(79,'10','17',0,'2021-07-16 08:36:59','2021-07-16 08:36:59'),(80,'10','21',0,'2021-07-16 08:36:59','2021-07-16 08:36:59'),(81,'10','24',0,'2021-07-16 08:36:59','2021-07-16 08:36:59'),(82,'10','25',0,'2021-07-16 08:36:59','2021-07-16 08:36:59'),(83,'10','26',0,'2021-07-16 08:36:59','2021-07-16 08:36:59'),(84,'10','27',0,'2021-07-16 08:36:59','2021-07-16 08:36:59'),(85,'10','29',0,'2021-07-16 08:36:59','2021-07-16 08:36:59'),(86,'10','31',0,'2021-07-16 08:36:59','2021-07-16 08:36:59'),(87,'11','1',0,'2021-07-16 08:36:59','2021-07-16 08:36:59'),(88,'11','15',0,'2021-07-16 08:36:59','2021-07-16 08:36:59'),(89,'11','25',0,'2021-07-16 08:36:59','2021-07-16 08:36:59'),(90,'11','27',0,'2021-07-16 08:36:59','2021-07-16 08:36:59'),(91,'12','1',0,'2021-07-16 08:36:59','2021-07-16 08:36:59'),(92,'13','1',0,'2021-07-16 08:36:59','2021-07-16 08:36:59'),(93,'14','1',0,'2021-07-16 08:36:59','2021-07-16 08:36:59'),(94,'14','17',0,'2021-07-16 08:36:59','2021-07-16 08:36:59'),(95,'14','21',0,'2021-07-16 08:36:59','2021-07-16 08:36:59'),(96,'14','23',0,'2021-07-16 08:36:59','2021-07-16 08:36:59'),(97,'14','25',0,'2021-07-16 08:36:59','2021-07-16 08:36:59'),(98,'14','26',0,'2021-07-16 08:36:59','2021-07-16 08:36:59'),(99,'14','28',0,'2021-07-16 08:36:59','2021-07-16 08:36:59'),(100,'14','29',0,'2021-07-16 08:36:59','2021-07-16 08:36:59'),(101,'15','1',0,'2021-07-16 08:36:59','2021-07-16 08:36:59'),(102,'15','4',0,'2021-07-16 08:36:59','2021-07-16 08:36:59'),(103,'15','5',0,'2021-07-16 08:36:59','2021-07-16 08:36:59'),(104,'15','27',0,'2021-07-16 08:36:59','2021-07-16 08:36:59'),(105,'16','1',0,'2021-07-16 08:36:59','2021-07-16 08:36:59'),(106,'17','1',0,'2021-07-16 08:36:59','2021-07-16 08:36:59'),(107,'17','16',0,'2021-07-16 08:36:59','2021-07-16 08:36:59'),(108,'18','2',0,'2021-07-16 08:36:59','2021-07-16 08:36:59'),(109,'19','2',0,'2021-07-16 08:36:59','2021-07-16 08:36:59'),(110,'19','3',0,'2021-07-16 08:36:59','2021-07-16 08:36:59'),(111,'19','4',0,'2021-07-16 08:36:59','2021-07-16 08:36:59'),(112,'19','10',0,'2021-07-16 08:36:59','2021-07-16 08:36:59'),(113,'20','2',0,'2021-07-16 08:36:59','2021-07-16 08:36:59'),(114,'20','3',0,'2021-07-16 08:36:59','2021-07-16 08:36:59'),(115,'20','5',0,'2021-07-16 08:36:59','2021-07-16 08:36:59'),(116,'20','8',0,'2021-07-16 08:36:59','2021-07-16 08:36:59'),(117,'21','2',0,'2021-07-16 08:36:59','2021-07-16 08:36:59'),(118,'22','2',0,'2021-07-16 08:36:59','2021-07-16 08:36:59'),(119,'22','3',0,'2021-07-16 08:36:59','2021-07-16 08:36:59'),(120,'23','2',0,'2021-07-16 08:36:59','2021-07-16 08:36:59'),(121,'24','2',0,'2021-07-16 08:36:59','2021-07-16 08:36:59'),(122,'24','3',0,'2021-07-16 08:36:59','2021-07-16 08:36:59'),(123,'25','2',0,'2021-07-16 08:36:59','2021-07-16 08:36:59'),(124,'25','4',0,'2021-07-16 08:36:59','2021-07-16 08:36:59'),(125,'25','10',0,'2021-07-16 08:36:59','2021-07-16 08:36:59'),(126,'25','12',0,'2021-07-16 08:36:59','2021-07-16 08:36:59'),(127,'25','14',0,'2021-07-16 08:36:59','2021-07-16 08:36:59'),(128,'25','23',0,'2021-07-16 08:36:59','2021-07-16 08:36:59'),(129,'25','25',0,'2021-07-16 08:36:59','2021-07-16 08:36:59'),(130,'25','26',0,'2021-07-16 08:36:59','2021-07-16 08:36:59'),(131,'25','27',0,'2021-07-16 08:36:59','2021-07-16 08:36:59'),(132,'25','28',0,'2021-07-16 08:36:59','2021-07-16 08:36:59'),(133,'25','29',0,'2021-07-16 08:36:59','2021-07-16 08:36:59'),(134,'25','33',0,'2021-07-16 08:36:59','2021-07-16 08:36:59'),(135,'26','2',0,'2021-07-16 08:36:59','2021-07-16 08:36:59'),(136,'26','4',0,'2021-07-16 08:36:59','2021-07-16 08:36:59'),(137,'26','10',0,'2021-07-16 08:36:59','2021-07-16 08:36:59'),(138,'26','13',0,'2021-07-16 08:36:59','2021-07-16 08:36:59'),(139,'26','19',0,'2021-07-16 08:36:59','2021-07-16 08:36:59'),(140,'26','24',0,'2021-07-16 08:36:59','2021-07-16 08:36:59'),(141,'26','28',0,'2021-07-16 08:36:59','2021-07-16 08:36:59'),(142,'27','2',0,'2021-07-16 08:36:59','2021-07-16 08:36:59'),(143,'27','4',0,'2021-07-16 08:36:59','2021-07-16 08:36:59'),(144,'27','10',0,'2021-07-16 08:36:59','2021-07-16 08:36:59'),(145,'27','28',0,'2021-07-16 08:36:59','2021-07-16 08:36:59'),(146,'28','2',0,'2021-07-16 08:36:59','2021-07-16 08:36:59'),(147,'28','4',0,'2021-07-16 08:36:59','2021-07-16 08:36:59'),(148,'28','10',0,'2021-07-16 08:36:59','2021-07-16 08:36:59'),(149,'28','12',0,'2021-07-16 08:36:59','2021-07-16 08:36:59'),(150,'28','16',0,'2021-07-16 08:36:59','2021-07-16 08:36:59'),(151,'28','18',0,'2021-07-16 08:36:59','2021-07-16 08:36:59'),(152,'28','29',0,'2021-07-16 08:36:59','2021-07-16 08:36:59'),(153,'28','33',0,'2021-07-16 08:36:59','2021-07-16 08:36:59'),(154,'29','2',0,'2021-07-16 08:36:59','2021-07-16 08:36:59'),(155,'29','4',0,'2021-07-16 08:36:59','2021-07-16 08:36:59'),(156,'29','14',0,'2021-07-16 08:36:59','2021-07-16 08:36:59'),(157,'29','16',0,'2021-07-16 08:36:59','2021-07-16 08:36:59'),(158,'29','18',0,'2021-07-16 08:36:59','2021-07-16 08:36:59'),(159,'29','19',0,'2021-07-16 08:36:59','2021-07-16 08:36:59'),(160,'30','3',0,'2021-07-16 08:36:59','2021-07-16 08:36:59'),(161,'31','3',0,'2021-07-16 08:36:59','2021-07-16 08:36:59'),(162,'32','3',0,'2021-07-16 08:36:59','2021-07-16 08:36:59'),(163,'33','3',0,'2021-07-16 08:36:59','2021-07-16 08:36:59'),(164,'33','8',0,'2021-07-16 08:36:59','2021-07-16 08:36:59'),(165,'33','23',0,'2021-07-16 08:36:59','2021-07-16 08:36:59'),(166,'33','25',0,'2021-07-16 08:36:59','2021-07-16 08:36:59'),(167,'34','3',0,'2021-07-16 08:36:59','2021-07-16 08:36:59'),(168,'34','8',0,'2021-07-16 08:36:59','2021-07-16 08:36:59'),(169,'35','4',0,'2021-07-16 08:36:59','2021-07-16 08:36:59'),(170,'35','10',0,'2021-07-16 08:36:59','2021-07-16 08:36:59'),(171,'36','4',0,'2021-07-16 08:36:59','2021-07-16 08:36:59'),(172,'37','4',0,'2021-07-16 08:36:59','2021-07-16 08:36:59'),(173,'37','10',0,'2021-07-16 08:36:59','2021-07-16 08:36:59'),(174,'38','4',0,'2021-07-16 08:36:59','2021-07-16 08:36:59'),(175,'39','4',0,'2021-07-16 08:36:59','2021-07-16 08:36:59'),(176,'39','7',0,'2021-07-16 08:36:59','2021-07-16 08:36:59'),(177,'39','17',0,'2021-07-16 08:36:59','2021-07-16 08:36:59'),(178,'39','21',0,'2021-07-16 08:36:59','2021-07-16 08:36:59'),(179,'39','22',0,'2021-07-16 08:36:59','2021-07-16 08:36:59'),(180,'39','23',0,'2021-07-16 08:36:59','2021-07-16 08:36:59'),(181,'39','24',0,'2021-07-16 08:36:59','2021-07-16 08:36:59'),(182,'39','26',0,'2021-07-16 08:36:59','2021-07-16 08:36:59'),(183,'39','30',0,'2021-07-16 08:36:59','2021-07-16 08:36:59'),(184,'40','4',0,'2021-07-16 08:36:59','2021-07-16 08:36:59'),(185,'40','5',0,'2021-07-16 08:36:59','2021-07-16 08:36:59'),(186,'40','7',0,'2021-07-16 08:36:59','2021-07-16 08:36:59'),(187,'40','8',0,'2021-07-16 08:36:59','2021-07-16 08:36:59'),(188,'40','13',0,'2021-07-16 08:36:59','2021-07-16 08:36:59'),(189,'40','17',0,'2021-07-16 08:36:59','2021-07-16 08:36:59'),(190,'40','21',0,'2021-07-16 08:36:59','2021-07-16 08:36:59'),(191,'40','22',0,'2021-07-16 08:36:59','2021-07-16 08:36:59'),(192,'40','23',0,'2021-07-16 08:36:59','2021-07-16 08:36:59'),(193,'40','24',0,'2021-07-16 08:36:59','2021-07-16 08:36:59'),(194,'40','30',0,'2021-07-16 08:36:59','2021-07-16 08:36:59'),(195,'40','32',0,'2021-07-16 08:36:59','2021-07-16 08:36:59'),(196,'41','4',0,'2021-07-16 08:36:59','2021-07-16 08:36:59'),(197,'41','5',0,'2021-07-16 08:36:59','2021-07-16 08:36:59'),(198,'41','8',0,'2021-07-16 08:36:59','2021-07-16 08:36:59'),(199,'41','12',0,'2021-07-16 08:36:59','2021-07-16 08:36:59'),(200,'41','13',0,'2021-07-16 08:36:59','2021-07-16 08:36:59'),(201,'41','18',0,'2021-07-16 08:36:59','2021-07-16 08:36:59'),(202,'42','4',0,'2021-07-16 08:36:59','2021-07-16 08:36:59'),(203,'43','4',0,'2021-07-16 08:36:59','2021-07-16 08:36:59'),(204,'43','5',0,'2021-07-16 08:36:59','2021-07-16 08:36:59'),(205,'43','15',0,'2021-07-16 08:36:59','2021-07-16 08:36:59'),(206,'44','4',0,'2021-07-16 08:36:59','2021-07-16 08:36:59'),(207,'45','4',0,'2021-07-16 08:36:59','2021-07-16 08:36:59'),(208,'46','1',0,'2021-07-16 08:36:59','2021-07-16 08:36:59'),(209,'46','2',0,'2021-07-16 08:36:59','2021-07-16 08:36:59'),(210,'46','3',0,'2021-07-16 08:36:59','2021-07-16 08:36:59'),(211,'46','4',0,'2021-07-16 08:36:59','2021-07-16 08:36:59'),(212,'47','4',0,'2021-07-16 08:36:59','2021-07-16 08:36:59'),(213,'47','5',0,'2021-07-16 08:36:59','2021-07-16 08:36:59'),(214,'47','12',0,'2021-07-16 08:36:59','2021-07-16 08:36:59'),(215,'47','19',0,'2021-07-16 08:36:59','2021-07-16 08:36:59'),(216,'47','21',0,'2021-07-16 08:36:59','2021-07-16 08:36:59'),(217,'47','24',0,'2021-07-16 08:36:59','2021-07-16 08:36:59'),(218,'47','25',0,'2021-07-16 08:36:59','2021-07-16 08:36:59'),(219,'47','26',0,'2021-07-16 08:36:59','2021-07-16 08:36:59'),(220,'47','27',0,'2021-07-16 08:36:59','2021-07-16 08:36:59'),(221,'47','31',0,'2021-07-16 08:36:59','2021-07-16 08:36:59'),(222,'47','33',0,'2021-07-16 08:36:59','2021-07-16 08:36:59'),(223,'48','4',0,'2021-07-16 08:36:59','2021-07-16 08:36:59'),(224,'48','5',0,'2021-07-16 08:36:59','2021-07-16 08:36:59'),(225,'48','8',0,'2021-07-16 08:36:59','2021-07-16 08:36:59'),(226,'48','14',0,'2021-07-16 08:36:59','2021-07-16 08:36:59'),(227,'48','16',0,'2021-07-16 08:36:59','2021-07-16 08:36:59'),(228,'48','31',0,'2021-07-16 08:36:59','2021-07-16 08:36:59'),(229,'49','4',0,'2021-07-16 08:36:59','2021-07-16 08:36:59'),(230,'49','5',0,'2021-07-16 08:36:59','2021-07-16 08:36:59'),(231,'49','7',0,'2021-07-16 08:36:59','2021-07-16 08:36:59'),(232,'49','8',0,'2021-07-16 08:36:59','2021-07-16 08:36:59'),(233,'49','11',0,'2021-07-16 08:36:59','2021-07-16 08:36:59'),(234,'49','13',0,'2021-07-16 08:36:59','2021-07-16 08:36:59'),(235,'49','14',0,'2021-07-16 08:36:59','2021-07-16 08:36:59'),(236,'49','15',0,'2021-07-16 08:36:59','2021-07-16 08:36:59'),(237,'49','16',0,'2021-07-16 08:36:59','2021-07-16 08:36:59'),(238,'49','17',0,'2021-07-16 08:36:59','2021-07-16 08:36:59'),(239,'49','19',0,'2021-07-16 08:36:59','2021-07-16 08:36:59'),(240,'49','20',0,'2021-07-16 08:36:59','2021-07-16 08:36:59'),(241,'49','25',0,'2021-07-16 08:36:59','2021-07-16 08:36:59'),(242,'49','26',0,'2021-07-16 08:36:59','2021-07-16 08:36:59'),(243,'49','29',0,'2021-07-16 08:36:59','2021-07-16 08:36:59'),(244,'50','4',0,'2021-07-16 08:36:59','2021-07-16 08:36:59'),(245,'50','5',0,'2021-07-16 08:36:59','2021-07-16 08:36:59'),(246,'50','26',0,'2021-07-16 08:36:59','2021-07-16 08:36:59'),(247,'50','28',0,'2021-07-16 08:36:59','2021-07-16 08:36:59'),(248,'50','29',0,'2021-07-16 08:36:59','2021-07-16 08:36:59'),(249,'50','32',0,'2021-07-16 08:36:59','2021-07-16 08:36:59'),(250,'51','4',0,'2021-07-16 08:36:59','2021-07-16 08:36:59'),(251,'51','7',0,'2021-07-16 08:36:59','2021-07-16 08:36:59'),(252,'51','11',0,'2021-07-16 08:36:59','2021-07-16 08:36:59'),(253,'51','22',0,'2021-07-16 08:36:59','2021-07-16 08:36:59'),(254,'51','26',0,'2021-07-16 08:36:59','2021-07-16 08:36:59'),(255,'51','30',0,'2021-07-16 08:36:59','2021-07-16 08:36:59'),(256,'51','32',0,'2021-07-16 08:36:59','2021-07-16 08:36:59'),(257,'52','4',0,'2021-07-16 08:36:59','2021-07-16 08:36:59'),(258,'52','5',0,'2021-07-16 08:36:59','2021-07-16 08:36:59'),(259,'53','4',0,'2021-07-16 08:36:59','2021-07-16 08:36:59'),(260,'53','5',0,'2021-07-16 08:36:59','2021-07-16 08:36:59'),(261,'53','31',0,'2021-07-16 08:36:59','2021-07-16 08:36:59'),(262,'54','5',0,'2021-07-16 08:36:59','2021-07-16 08:36:59'),(263,'54','28',0,'2021-07-16 08:36:59','2021-07-16 08:36:59'),(264,'54','33',0,'2021-07-16 08:36:59','2021-07-16 08:36:59'),(265,'55','5',0,'2021-07-16 08:36:59','2021-07-16 08:36:59'),(266,'55','18',0,'2021-07-16 08:36:59','2021-07-16 08:36:59'),(267,'56','5',0,'2021-07-16 08:36:59','2021-07-16 08:36:59'),(268,'57','5',0,'2021-07-16 08:36:59','2021-07-16 08:36:59'),(269,'58','5',0,'2021-07-16 08:36:59','2021-07-16 08:36:59'),(270,'58','10',0,'2021-07-16 08:36:59','2021-07-16 08:36:59'),(271,'58','19',0,'2021-07-16 08:36:59','2021-07-16 08:36:59'),(272,'58','29',0,'2021-07-16 08:36:59','2021-07-16 08:36:59'),(273,'58','32',0,'2021-07-16 08:36:59','2021-07-16 08:36:59'),(274,'59','5',0,'2021-07-16 08:36:59','2021-07-16 08:36:59'),(275,'60','5',0,'2021-07-16 08:36:59','2021-07-16 08:36:59'),(276,'60','8',0,'2021-07-16 08:36:59','2021-07-16 08:36:59'),(277,'61','6',0,'2021-07-16 08:36:59','2021-07-16 08:36:59'),(278,'62','6',0,'2021-07-16 08:36:59','2021-07-16 08:36:59'),(279,'62','19',0,'2021-07-16 08:36:59','2021-07-16 08:36:59'),(280,'63','6',0,'2021-07-16 08:36:59','2021-07-16 08:36:59'),(281,'63','7',0,'2021-07-16 08:36:59','2021-07-16 08:36:59'),(282,'64','6',0,'2021-07-16 08:36:59','2021-07-16 08:36:59'),(283,'65','6',0,'2021-07-16 08:36:59','2021-07-16 08:36:59'),(284,'65','8',0,'2021-07-16 08:36:59','2021-07-16 08:36:59'),(285,'66','6',0,'2021-07-16 08:36:59','2021-07-16 08:36:59'),(286,'66','14',0,'2021-07-16 08:36:59','2021-07-16 08:36:59'),(287,'67','6',0,'2021-07-16 08:36:59','2021-07-16 08:36:59'),(288,'68','6',0,'2021-07-16 08:36:59','2021-07-16 08:36:59'),(289,'69','6',0,'2021-07-16 08:36:59','2021-07-16 08:36:59'),(290,'70','6',0,'2021-07-16 08:36:59','2021-07-16 08:36:59'),(291,'71','7',0,'2021-07-16 08:36:59','2021-07-16 08:36:59'),(292,'71','14',0,'2021-07-16 08:36:59','2021-07-16 08:36:59'),(293,'71','22',0,'2021-07-16 08:36:59','2021-07-16 08:36:59'),(294,'71','23',0,'2021-07-16 08:36:59','2021-07-16 08:36:59'),(295,'71','26',0,'2021-07-16 08:36:59','2021-07-16 08:36:59'),(296,'72','7',0,'2021-07-16 08:36:59','2021-07-16 08:36:59'),(297,'72','9',0,'2021-07-16 08:36:59','2021-07-16 08:36:59'),(298,'72','13',0,'2021-07-16 08:36:59','2021-07-16 08:36:59'),(299,'72','19',0,'2021-07-16 08:36:59','2021-07-16 08:36:59'),(300,'72','26',0,'2021-07-16 08:36:59','2021-07-16 08:36:59'),(301,'72','29',0,'2021-07-16 08:36:59','2021-07-16 08:36:59'),(302,'72','32',0,'2021-07-16 08:36:59','2021-07-16 08:36:59'),(303,'73','7',0,'2021-07-16 08:36:59','2021-07-16 08:36:59'),(304,'73','13',0,'2021-07-16 08:36:59','2021-07-16 08:36:59'),(305,'73','16',0,'2021-07-16 08:36:59','2021-07-16 08:36:59'),(306,'73','17',0,'2021-07-16 08:36:59','2021-07-16 08:36:59'),(307,'73','18',0,'2021-07-16 08:36:59','2021-07-16 08:36:59'),(308,'73','19',0,'2021-07-16 08:36:59','2021-07-16 08:36:59'),(309,'73','22',0,'2021-07-16 08:36:59','2021-07-16 08:36:59'),(310,'74','7',0,'2021-07-16 08:36:59','2021-07-16 08:36:59'),(311,'74','8',0,'2021-07-16 08:36:59','2021-07-16 08:36:59'),(312,'74','10',0,'2021-07-16 08:36:59','2021-07-16 08:36:59'),(313,'74','13',0,'2021-07-16 08:36:59','2021-07-16 08:36:59'),(314,'74','16',0,'2021-07-16 08:36:59','2021-07-16 08:36:59'),(315,'74','18',0,'2021-07-16 08:36:59','2021-07-16 08:36:59'),(316,'74','19',0,'2021-07-16 08:36:59','2021-07-16 08:36:59'),(317,'74','20',0,'2021-07-16 08:36:59','2021-07-16 08:36:59'),(318,'74','22',0,'2021-07-16 08:36:59','2021-07-16 08:36:59'),(319,'74','26',0,'2021-07-16 08:36:59','2021-07-16 08:36:59'),(320,'74','28',0,'2021-07-16 08:36:59','2021-07-16 08:36:59'),(321,'74','32',0,'2021-07-16 08:36:59','2021-07-16 08:36:59'),(322,'75','7',0,'2021-07-16 08:36:59','2021-07-16 08:36:59'),(323,'75','12',0,'2021-07-16 08:36:59','2021-07-16 08:36:59'),(324,'75','13',0,'2021-07-16 08:36:59','2021-07-16 08:36:59'),(325,'75','16',0,'2021-07-16 08:36:59','2021-07-16 08:36:59'),(326,'75','18',0,'2021-07-16 08:36:59','2021-07-16 08:36:59'),(327,'75','19',0,'2021-07-16 08:36:59','2021-07-16 08:36:59'),(328,'75','27',0,'2021-07-16 08:36:59','2021-07-16 08:36:59'),(329,'75','28',0,'2021-07-16 08:36:59','2021-07-16 08:36:59'),(330,'76','7',0,'2021-07-16 08:36:59','2021-07-16 08:36:59'),(331,'77','7',0,'2021-07-16 08:36:59','2021-07-16 08:36:59'),(332,'77','22',0,'2021-07-16 08:36:59','2021-07-16 08:36:59'),(333,'78','7',0,'2021-07-16 08:36:59','2021-07-16 08:36:59'),(334,'79','8',0,'2021-07-16 08:36:59','2021-07-16 08:36:59'),(335,'79','33',0,'2021-07-16 08:36:59','2021-07-16 08:36:59'),(336,'80','8',0,'2021-07-16 08:36:59','2021-07-16 08:36:59'),(337,'81','8',0,'2021-07-16 08:36:59','2021-07-16 08:36:59'),(338,'82','8',0,'2021-07-16 08:36:59','2021-07-16 08:36:59'),(339,'82','11',0,'2021-07-16 08:36:59','2021-07-16 08:36:59'),(340,'83','8',0,'2021-07-16 08:36:59','2021-07-16 08:36:59'),(341,'83','11',0,'2021-07-16 08:36:59','2021-07-16 08:36:59'),(342,'84','8',0,'2021-07-16 08:36:59','2021-07-16 08:36:59'),(343,'85','8',0,'2021-07-16 08:36:59','2021-07-16 08:36:59'),(344,'85','11',0,'2021-07-16 08:36:59','2021-07-16 08:36:59'),(345,'85','32',0,'2021-07-16 08:36:59','2021-07-16 08:36:59'),(346,'86','8',0,'2021-07-16 08:36:59','2021-07-16 08:36:59'),(347,'86','11',0,'2021-07-16 08:36:59','2021-07-16 08:36:59'),(348,'86','20',0,'2021-07-16 08:36:59','2021-07-16 08:36:59'),(349,'87','8',0,'2021-07-16 08:36:59','2021-07-16 08:36:59'),(350,'88','8',0,'2021-07-16 08:36:59','2021-07-16 08:36:59'),(351,'88','10',0,'2021-07-16 08:36:59','2021-07-16 08:36:59'),(352,'89','8',0,'2021-07-16 08:36:59','2021-07-16 08:36:59'),(353,'89','20',0,'2021-07-16 08:36:59','2021-07-16 08:36:59'),(354,'90','8',0,'2021-07-16 08:36:59','2021-07-16 08:36:59'),(355,'91','8',0,'2021-07-16 08:36:59','2021-07-16 08:36:59'),(356,'92','10',0,'2021-07-16 08:36:59','2021-07-16 08:36:59'),(357,'92','11',0,'2021-07-16 08:36:59','2021-07-16 08:36:59'),(358,'92','13',0,'2021-07-16 08:36:59','2021-07-16 08:36:59'),(359,'92','14',0,'2021-07-16 08:36:59','2021-07-16 08:36:59'),(360,'92','17',0,'2021-07-16 08:36:59','2021-07-16 08:36:59'),(361,'92','22',0,'2021-07-16 08:36:59','2021-07-16 08:36:59'),(362,'92','24',0,'2021-07-16 08:36:59','2021-07-16 08:36:59'),(363,'92','26',0,'2021-07-16 08:36:59','2021-07-16 08:36:59'),(364,'92','27',0,'2021-07-16 08:36:59','2021-07-16 08:36:59'),(365,'93','10',0,'2021-07-16 08:36:59','2021-07-16 08:36:59'),(366,'93','13',0,'2021-07-16 08:36:59','2021-07-16 08:36:59'),(367,'93','18',0,'2021-07-16 08:36:59','2021-07-16 08:36:59'),(368,'93','19',0,'2021-07-16 08:36:59','2021-07-16 08:36:59'),(369,'93','24',0,'2021-07-16 08:36:59','2021-07-16 08:36:59'),(370,'93','25',0,'2021-07-16 08:36:59','2021-07-16 08:36:59'),(371,'94','10',0,'2021-07-16 08:36:59','2021-07-16 08:36:59'),(372,'94','21',0,'2021-07-16 08:36:59','2021-07-16 08:36:59'),(373,'95','10',0,'2021-07-16 08:36:59','2021-07-16 08:36:59'),(374,'96','10',0,'2021-07-16 08:36:59','2021-07-16 08:36:59'),(375,'96','17',0,'2021-07-16 08:36:59','2021-07-16 08:36:59'),(376,'96','33',0,'2021-07-16 08:36:59','2021-07-16 08:36:59'),(377,'97','11',0,'2021-07-16 08:36:59','2021-07-16 08:36:59'),(378,'97','20',0,'2021-07-16 08:36:59','2021-07-16 08:36:59'),(379,'98','11',0,'2021-07-16 08:36:59','2021-07-16 08:36:59'),(380,'99','11',0,'2021-07-16 08:36:59','2021-07-16 08:36:59'),(381,'100','11',0,'2021-07-16 08:36:59','2021-07-16 08:36:59'),(382,'100','14',0,'2021-07-16 08:36:59','2021-07-16 08:36:59'),(383,'100','17',0,'2021-07-16 08:36:59','2021-07-16 08:36:59'),(384,'100','20',0,'2021-07-16 08:36:59','2021-07-16 08:36:59'),(385,'101','12',0,'2021-07-16 08:36:59','2021-07-16 08:36:59'),(386,'101','23',0,'2021-07-16 08:36:59','2021-07-16 08:36:59'),(387,'101','33',0,'2021-07-16 08:36:59','2021-07-16 08:36:59'),(388,'102','14',0,'2021-07-16 08:36:59','2021-07-16 08:36:59'),(389,'103','14',0,'2021-07-16 08:36:59','2021-07-16 08:36:59'),(390,'103','16',0,'2021-07-16 08:36:59','2021-07-16 08:36:59'),(391,'104','14',0,'2021-07-16 08:36:59','2021-07-16 08:36:59'),(392,'105','14',0,'2021-07-16 08:36:59','2021-07-16 08:36:59'),(393,'105','20',0,'2021-07-16 08:36:59','2021-07-16 08:36:59'),(394,'105','26',0,'2021-07-16 08:36:59','2021-07-16 08:36:59'),(395,'105','29',0,'2021-07-16 08:36:59','2021-07-16 08:36:59'),(396,'106','15',0,'2021-07-16 08:36:59','2021-07-16 08:36:59'),(397,'106','26',0,'2021-07-16 08:36:59','2021-07-16 08:36:59'),(398,'107','15',0,'2021-07-16 08:36:59','2021-07-16 08:36:59'),(399,'108','15',0,'2021-07-16 08:36:59','2021-07-16 08:36:59'),(400,'109','17',0,'2021-07-16 08:36:59','2021-07-16 08:36:59'),(401,'110','18',0,'2021-07-16 08:36:59','2021-07-16 08:36:59'),(402,'111','19',0,'2021-07-16 08:36:59','2021-07-16 08:36:59'),(403,'111','21',0,'2021-07-16 08:36:59','2021-07-16 08:36:59'),(404,'111','22',0,'2021-07-16 08:36:59','2021-07-16 08:36:59'),(405,'111','23',0,'2021-07-16 08:36:59','2021-07-16 08:36:59'),(406,'111','26',0,'2021-07-16 08:36:59','2021-07-16 08:36:59'),(407,'111','29',0,'2021-07-16 08:36:59','2021-07-16 08:36:59'),(408,'112','19',0,'2021-07-16 08:36:59','2021-07-16 08:36:59'),(409,'112','23',0,'2021-07-16 08:36:59','2021-07-16 08:36:59'),(410,'113','20',0,'2021-07-16 08:36:59','2021-07-16 08:36:59'),(411,'113','26',0,'2021-07-16 08:36:59','2021-07-16 08:36:59'),(412,'113','32',0,'2021-07-16 08:36:59','2021-07-16 08:36:59'),(413,'114','20',0,'2021-07-16 08:36:59','2021-07-16 08:36:59'),(414,'115','20',0,'2021-07-16 08:36:59','2021-07-16 08:36:59'),(415,'116','21',0,'2021-07-16 08:36:59','2021-07-16 08:36:59'),(416,'116','32',0,'2021-07-16 08:36:59','2021-07-16 08:36:59'),(417,'117','21',0,'2021-07-16 08:36:59','2021-07-16 08:36:59'),(418,'117','30',0,'2021-07-16 08:36:59','2021-07-16 08:36:59'),(419,'118','21',0,'2021-07-16 08:36:59','2021-07-16 08:36:59'),(420,'119','21',0,'2021-07-16 08:36:59','2021-07-16 08:36:59'),(421,'120','21',0,'2021-07-16 08:36:59','2021-07-16 08:36:59'),(422,'120','33',0,'2021-07-16 08:36:59','2021-07-16 08:36:59'),(423,'121','21',0,'2021-07-16 08:36:59','2021-07-16 08:36:59'),(424,'122','21',0,'2021-07-16 08:36:59','2021-07-16 08:36:59'),(425,'123','21',0,'2021-07-16 08:36:59','2021-07-16 08:36:59'),(426,'124','28',0,'2021-07-16 08:36:59','2021-07-16 08:36:59');
/*!40000 ALTER TABLE `foodnutri` ENABLE KEYS */;
UNLOCK TABLES;

--
-- Table structure for table `menu`
--

DROP TABLE IF EXISTS `menu`;
/*!40101 SET @saved_cs_client     = @@character_set_client */;
/*!40101 SET character_set_client = utf8 */;
CREATE TABLE `menu` (
  `id` bigint(20) unsigned NOT NULL AUTO_INCREMENT,
  `name` varchar(255) COLLATE utf8mb4_unicode_ci NOT NULL COMMENT '名前',
  `servedate` date NOT NULL COMMENT '提供日',
  `timing` varchar(255) COLLATE utf8mb4_unicode_ci NOT NULL COMMENT 'lunch/dinner',
  `created_at` timestamp NULL DEFAULT NULL,
  `updated_at` timestamp NULL DEFAULT NULL,
  PRIMARY KEY (`id`)
) ENGINE=InnoDB DEFAULT CHARSET=utf8mb4 COLLATE=utf8mb4_unicode_ci;
/*!40101 SET character_set_client = @saved_cs_client */;

--
-- Dumping data for table `menu`
--

LOCK TABLES `menu` WRITE;
/*!40000 ALTER TABLE `menu` DISABLE KEYS */;
/*!40000 ALTER TABLE `menu` ENABLE KEYS */;
UNLOCK TABLES;

--
-- Table structure for table `menufood`
--

DROP TABLE IF EXISTS `menufood`;
/*!40101 SET @saved_cs_client     = @@character_set_client */;
/*!40101 SET character_set_client = utf8 */;
CREATE TABLE `menufood` (
  `id` bigint(20) unsigned NOT NULL AUTO_INCREMENT,
  `menu_id` varchar(255) COLLATE utf8mb4_unicode_ci NOT NULL COMMENT '献立',
  `food_id` varchar(255) COLLATE utf8mb4_unicode_ci NOT NULL COMMENT '食材',
  `amount` int(11) NOT NULL DEFAULT 0 COMMENT '含有量：未使用',
  `created_at` timestamp NULL DEFAULT NULL,
  `updated_at` timestamp NULL DEFAULT NULL,
  PRIMARY KEY (`id`)
) ENGINE=InnoDB DEFAULT CHARSET=utf8mb4 COLLATE=utf8mb4_unicode_ci;
/*!40101 SET character_set_client = @saved_cs_client */;

--
-- Dumping data for table `menufood`
--

LOCK TABLES `menufood` WRITE;
/*!40000 ALTER TABLE `menufood` DISABLE KEYS */;
/*!40000 ALTER TABLE `menufood` ENABLE KEYS */;
UNLOCK TABLES;

--
-- Table structure for table `migrations`
--

DROP TABLE IF EXISTS `migrations`;
/*!40101 SET @saved_cs_client     = @@character_set_client */;
/*!40101 SET character_set_client = utf8 */;
CREATE TABLE `migrations` (
  `id` int(10) unsigned NOT NULL AUTO_INCREMENT,
  `migration` varchar(255) COLLATE utf8mb4_unicode_ci NOT NULL,
  `batch` int(11) NOT NULL,
  PRIMARY KEY (`id`)
) ENGINE=InnoDB AUTO_INCREMENT=9 DEFAULT CHARSET=utf8mb4 COLLATE=utf8mb4_unicode_ci;
/*!40101 SET character_set_client = @saved_cs_client */;

--
-- Dumping data for table `migrations`
--

LOCK TABLES `migrations` WRITE;
/*!40000 ALTER TABLE `migrations` DISABLE KEYS */;
INSERT INTO `migrations` VALUES (1,'2014_10_12_000000_create_user_table',1),(2,'2014_10_12_100000_create_password_resets_table',1),(3,'2019_08_19_000000_create_failed_jobs_table',1),(4,'2021_07_14_000000_create_food',1),(5,'2021_07_14_000000_create_foodnutri',1),(6,'2021_07_14_000000_create_menu',1),(7,'2021_07_14_000000_create_menufood',1),(8,'2021_07_14_000000_create_nutri',1);
/*!40000 ALTER TABLE `migrations` ENABLE KEYS */;
UNLOCK TABLES;

--
-- Table structure for table `nutri`
--

DROP TABLE IF EXISTS `nutri`;
/*!40101 SET @saved_cs_client     = @@character_set_client */;
/*!40101 SET character_set_client = utf8 */;
CREATE TABLE `nutri` (
  `id` bigint(20) unsigned NOT NULL AUTO_INCREMENT,
  `name` varchar(255) COLLATE utf8mb4_unicode_ci NOT NULL COMMENT '名前',
  `dailyrequired` int(11) NOT NULL DEFAULT 0 COMMENT '1日の必須量：未使用',
  `pos` int(11) NOT NULL COMMENT '表示位置。昇順。',
  `created_at` timestamp NULL DEFAULT NULL,
  `updated_at` timestamp NULL DEFAULT NULL,
  PRIMARY KEY (`id`)
) ENGINE=InnoDB AUTO_INCREMENT=34 DEFAULT CHARSET=utf8mb4 COLLATE=utf8mb4_unicode_ci;
/*!40101 SET character_set_client = @saved_cs_client */;

--
-- Dumping data for table `nutri`
--

LOCK TABLES `nutri` WRITE;
/*!40000 ALTER TABLE `nutri` DISABLE KEYS */;
INSERT INTO `nutri` VALUES (1,'タンパク質',0,10,'2021-07-16 08:36:59','2021-07-16 08:36:59'),(2,'脂質',0,20,'2021-07-16 08:36:59','2021-07-16 08:36:59'),(3,'飽和脂肪酸',0,30,'2021-07-16 08:36:59','2021-07-16 08:36:59'),(4,'n-6系脂肪酸',0,40,'2021-07-16 08:36:59','2021-07-16 08:36:59'),(5,'n-3系脂肪酸',0,50,'2021-07-16 08:36:59','2021-07-16 08:36:59'),(6,'炭水化物',0,60,'2021-07-16 08:36:59','2021-07-16 08:36:59'),(7,'食物繊維',0,70,'2021-07-16 08:36:59','2021-07-16 08:36:59'),(8,'ビタミンA',0,80,'2021-07-16 08:36:59','2021-07-16 08:36:59'),(9,'ビタミンD',0,90,'2021-07-16 08:36:59','2021-07-16 08:36:59'),(10,'ビタミンE',0,100,'2021-07-16 08:36:59','2021-07-16 08:36:59'),(11,'ビタミンK',0,110,'2021-07-16 08:36:59','2021-07-16 08:36:59'),(12,'ビタミンB1',0,120,'2021-07-16 08:36:59','2021-07-16 08:36:59'),(13,'ビタミンB2',0,130,'2021-07-16 08:36:59','2021-07-16 08:36:59'),(14,'ビタミンB6',0,140,'2021-07-16 08:36:59','2021-07-16 08:36:59'),(15,'ビタミンB12',0,150,'2021-07-16 08:36:59','2021-07-16 08:36:59'),(16,'ナイアシン',0,160,'2021-07-16 08:36:59','2021-07-16 08:36:59'),(17,'葉酸',0,170,'2021-07-16 08:36:59','2021-07-16 08:36:59'),(18,'パントテン酸',0,180,'2021-07-16 08:36:59','2021-07-16 08:36:59'),(19,'ビオチン',0,190,'2021-07-16 08:36:59','2021-07-16 08:36:59'),(20,'ビタミンC',0,200,'2021-07-16 08:36:59','2021-07-16 08:36:59'),(21,'ナトリウム',0,210,'2021-07-16 08:36:59','2021-07-16 08:36:59'),(22,'カリウム',0,220,'2021-07-16 08:36:59','2021-07-16 08:36:59'),(23,'カルシウム',0,230,'2021-07-16 08:36:59','2021-07-16 08:36:59'),(24,'マグネシウム',0,240,'2021-07-16 08:36:59','2021-07-16 08:36:59'),(25,'リン',0,250,'2021-07-16 08:36:59','2021-07-16 08:36:59'),(26,'鉄',0,260,'2021-07-16 08:36:59','2021-07-16 08:36:59'),(27,'亜鉛',0,270,'2021-07-16 08:36:59','2021-07-16 08:36:59'),(28,'銅',0,280,'2021-07-16 08:36:59','2021-07-16 08:36:59'),(29,'マンガン',0,290,'2021-07-16 08:36:59','2021-07-16 08:36:59'),(30,'ヨウ素',0,300,'2021-07-16 08:36:59','2021-07-16 08:36:59'),(31,'セレン',0,310,'2021-07-16 08:36:59','2021-07-16 08:36:59'),(32,'クロム',0,320,'2021-07-16 08:36:59','2021-07-16 08:36:59'),(33,'モリブデン',0,330,'2021-07-16 08:36:59','2021-07-16 08:36:59');
/*!40000 ALTER TABLE `nutri` ENABLE KEYS */;
UNLOCK TABLES;

--
-- Table structure for table `password_resets`
--

DROP TABLE IF EXISTS `password_resets`;
/*!40101 SET @saved_cs_client     = @@character_set_client */;
/*!40101 SET character_set_client = utf8 */;
CREATE TABLE `password_resets` (
  `email` varchar(255) COLLATE utf8mb4_unicode_ci NOT NULL,
  `token` varchar(255) COLLATE utf8mb4_unicode_ci NOT NULL,
  `created_at` timestamp NULL DEFAULT NULL,
  KEY `password_resets_email_index` (`email`)
) ENGINE=InnoDB DEFAULT CHARSET=utf8mb4 COLLATE=utf8mb4_unicode_ci;
/*!40101 SET character_set_client = @saved_cs_client */;

--
-- Dumping data for table `password_resets`
--

LOCK TABLES `password_resets` WRITE;
/*!40000 ALTER TABLE `password_resets` DISABLE KEYS */;
/*!40000 ALTER TABLE `password_resets` ENABLE KEYS */;
UNLOCK TABLES;

--
-- Table structure for table `user`
--

DROP TABLE IF EXISTS `user`;
/*!40101 SET @saved_cs_client     = @@character_set_client */;
/*!40101 SET character_set_client = utf8 */;
CREATE TABLE `user` (
  `id` bigint(20) unsigned NOT NULL AUTO_INCREMENT,
  `name` varchar(255) COLLATE utf8mb4_unicode_ci NOT NULL,
  `display_name` varchar(255) COLLATE utf8mb4_unicode_ci NOT NULL,
  `role` varchar(255) COLLATE utf8mb4_unicode_ci NOT NULL DEFAULT 'admin',
  `email` varchar(255) COLLATE utf8mb4_unicode_ci DEFAULT NULL,
  `email_verified_at` timestamp NULL DEFAULT NULL,
  `password` varchar(255) COLLATE utf8mb4_unicode_ci NOT NULL,
  `remember_token` varchar(100) COLLATE utf8mb4_unicode_ci DEFAULT NULL,
  `last_datetime` datetime DEFAULT NULL,
  `last_action` varchar(255) COLLATE utf8mb4_unicode_ci DEFAULT NULL,
  `last_user_id` bigint(20) DEFAULT NULL COMMENT '編集者のuser_ID',
  `created_at` timestamp NULL DEFAULT NULL,
  `updated_at` timestamp NULL DEFAULT NULL,
  PRIMARY KEY (`id`)
) ENGINE=InnoDB AUTO_INCREMENT=3 DEFAULT CHARSET=utf8mb4 COLLATE=utf8mb4_unicode_ci;
/*!40101 SET character_set_client = @saved_cs_client */;

--
-- Dumping data for table `user`
--

LOCK TABLES `user` WRITE;
/*!40000 ALTER TABLE `user` DISABLE KEYS */;
INSERT INTO `user` VALUES (1,'nutri_bdd_admin','開発者用管理者','admin','mizuno_k+nutri_bdd_admin@cranpun.sub.jp','2021-07-16 08:36:59','$2y$10$Sbjg0oCnsavSp71.IJvtEuiiFAc9S6vgBpX.3AwanJkzJk88rCG.C',NULL,NULL,NULL,NULL,'2021-07-16 08:36:59','2021-07-16 08:36:59'),(2,'updatebdd_test_admin','updatebddテスト用管理者','admin',NULL,NULL,'$2y$10$lgFdoFvJNEP2X8NUUsdfHO95L6QEO6wRfVKuIQn47Lxfe3N.3ULoW',NULL,NULL,NULL,1,'2021-07-16 08:37:08','2021-07-16 08:38:00');
/*!40000 ALTER TABLE `user` ENABLE KEYS */;
UNLOCK TABLES;
/*!40103 SET TIME_ZONE=@OLD_TIME_ZONE */;

/*!40101 SET SQL_MODE=@OLD_SQL_MODE */;
/*!40014 SET FOREIGN_KEY_CHECKS=@OLD_FOREIGN_KEY_CHECKS */;
/*!40014 SET UNIQUE_CHECKS=@OLD_UNIQUE_CHECKS */;
/*!40101 SET CHARACTER_SET_CLIENT=@OLD_CHARACTER_SET_CLIENT */;
/*!40101 SET CHARACTER_SET_RESULTS=@OLD_CHARACTER_SET_RESULTS */;
/*!40101 SET COLLATION_CONNECTION=@OLD_COLLATION_CONNECTION */;
/*!40111 SET SQL_NOTES=@OLD_SQL_NOTES */;

-- Dump completed on 2021-07-16 17:38:03
