-- MySQL dump 10.19  Distrib 10.3.29-MariaDB, for debian-linux-gnu (x86_64)
--
-- Host: localhost    Database: homestead
-- ------------------------------------------------------
-- Server version	10.3.29-MariaDB-0ubuntu0.20.04.1-log

/*!40101 SET @OLD_CHARACTER_SET_CLIENT=@@CHARACTER_SET_CLIENT */;
/*!40101 SET @OLD_CHARACTER_SET_RESULTS=@@CHARACTER_SET_RESULTS */;
/*!40101 SET @OLD_COLLATION_CONNECTION=@@COLLATION_CONNECTION */;
/*!40101 SET NAMES utf8mb4 */;
/*!40103 SET @OLD_TIME_ZONE=@@TIME_ZONE */;
/*!40103 SET TIME_ZONE='+00:00' */;
/*!40014 SET @OLD_UNIQUE_CHECKS=@@UNIQUE_CHECKS, UNIQUE_CHECKS=0 */;
/*!40014 SET @OLD_FOREIGN_KEY_CHECKS=@@FOREIGN_KEY_CHECKS, FOREIGN_KEY_CHECKS=0 */;
/*!40101 SET @OLD_SQL_MODE=@@SQL_MODE, SQL_MODE='NO_AUTO_VALUE_ON_ZERO' */;
/*!40111 SET @OLD_SQL_NOTES=@@SQL_NOTES, SQL_NOTES=0 */;

--
-- Table structure for table `failed_jobs`
--

DROP TABLE IF EXISTS `failed_jobs`;
/*!40101 SET @saved_cs_client     = @@character_set_client */;
/*!40101 SET character_set_client = utf8 */;
CREATE TABLE `failed_jobs` (
  `id` bigint(20) unsigned NOT NULL AUTO_INCREMENT,
  `uuid` varchar(255) COLLATE utf8_unicode_ci NOT NULL,
  `connection` text COLLATE utf8_unicode_ci NOT NULL,
  `queue` text COLLATE utf8_unicode_ci NOT NULL,
  `payload` longtext COLLATE utf8_unicode_ci NOT NULL,
  `exception` longtext COLLATE utf8_unicode_ci NOT NULL,
  `failed_at` timestamp NOT NULL DEFAULT current_timestamp(),
  PRIMARY KEY (`id`),
  UNIQUE KEY `failed_jobs_uuid_unique` (`uuid`)
) ENGINE=InnoDB DEFAULT CHARSET=utf8 COLLATE=utf8_unicode_ci;
/*!40101 SET character_set_client = @saved_cs_client */;

--
-- Dumping data for table `failed_jobs`
--

LOCK TABLES `failed_jobs` WRITE;
/*!40000 ALTER TABLE `failed_jobs` DISABLE KEYS */;
/*!40000 ALTER TABLE `failed_jobs` ENABLE KEYS */;
UNLOCK TABLES;

--
-- Table structure for table `food`
--

DROP TABLE IF EXISTS `food`;
/*!40101 SET @saved_cs_client     = @@character_set_client */;
/*!40101 SET character_set_client = utf8 */;
CREATE TABLE `food` (
  `id` bigint(20) unsigned NOT NULL AUTO_INCREMENT,
  `name` varchar(255) COLLATE utf8_unicode_ci NOT NULL COMMENT '名前',
  `category` varchar(255) COLLATE utf8_unicode_ci NOT NULL COMMENT 'カテゴリ：vegetable,meat,seafood,grain(穀物),fruit,seasoning（調味料）,etc（その他）',
  `favorite` int(11) NOT NULL DEFAULT 0 COMMENT 'お気に入り。昇順。',
  `created_at` timestamp NULL DEFAULT NULL,
  `updated_at` timestamp NULL DEFAULT NULL,
  PRIMARY KEY (`id`)
) ENGINE=InnoDB AUTO_INCREMENT=125 DEFAULT CHARSET=utf8 COLLATE=utf8_unicode_ci;
/*!40101 SET character_set_client = @saved_cs_client */;

--
-- Dumping data for table `food`
--

LOCK TABLES `food` WRITE;
/*!40000 ALTER TABLE `food` DISABLE KEYS */;
INSERT INTO `food` VALUES (1,'豚肉','meat',0,'2021-07-21 02:05:11','2021-07-21 02:05:11'),(2,'卵','etc',0,'2021-07-21 02:05:11','2021-07-21 02:05:11'),(3,'牛乳','etc',0,'2021-07-21 02:05:11','2021-07-21 02:05:11'),(4,'大豆','vegetable',0,'2021-07-21 02:05:11','2021-07-21 02:05:11'),(5,'さけ','seafood',100,'2021-07-21 02:05:11','2021-07-21 02:05:11'),(6,'鰹節','seafood',0,'2021-07-21 02:05:11','2021-07-21 02:05:11'),(7,'いわし','seafood',100,'2021-07-21 02:05:11','2021-07-21 02:05:11'),(8,'さば','seafood',100,'2021-07-21 02:05:11','2021-07-21 02:05:11'),(9,'たら','seafood',100,'2021-07-21 02:05:11','2021-07-21 02:05:11'),(10,'小麦','grain',100,'2021-07-21 02:05:11','2021-07-21 02:05:11'),(11,'いか','seafood',100,'2021-07-21 02:05:11','2021-07-21 02:05:11'),(12,'たこ','seafood',100,'2021-07-21 02:05:11','2021-07-21 02:05:11'),(13,'貝柱','seafood',100,'2021-07-21 02:05:11','2021-07-21 02:05:11'),(14,'干しエビ','seafood',100,'2021-07-21 02:05:11','2021-07-21 02:05:11'),(15,'牛肉','meat',100,'2021-07-21 02:05:11','2021-07-21 02:05:11'),(16,'湯葉','etc',100,'2021-07-21 02:05:11','2021-07-21 02:05:11'),(17,'あじ','seafood',100,'2021-07-21 02:05:11','2021-07-21 02:05:11'),(18,'オリーブ油','etc',100,'2021-07-21 02:05:11','2021-07-21 02:05:11'),(19,'マーガリン','etc',100,'2021-07-21 02:05:11','2021-07-21 02:05:11'),(20,'バター','etc',100,'2021-07-21 02:05:11','2021-07-21 02:05:11'),(21,'マカダミアナッツ','etc',100,'2021-07-21 02:05:11','2021-07-21 02:05:11'),(22,'牛肉','meat',100,'2021-07-21 02:05:11','2021-07-21 02:05:11'),(23,'くるみ','etc',100,'2021-07-21 02:05:11','2021-07-21 02:05:11'),(24,'ココナツパウダー','etc',100,'2021-07-21 02:05:11','2021-07-21 02:05:11'),(25,'ごま','etc',100,'2021-07-21 02:05:11','2021-07-21 02:05:11'),(26,'アーモンド','etc',100,'2021-07-21 02:05:11','2021-07-21 02:05:11'),(27,'ピスタチオ','etc',100,'2021-07-21 02:05:11','2021-07-21 02:05:11'),(28,'ピーナッツ','etc',100,'2021-07-21 02:05:11','2021-07-21 02:05:11'),(29,'鶏肉','meat',0,'2021-07-21 02:05:11','2021-07-21 02:05:11'),(30,'牛脂','etc',100,'2021-07-21 02:05:11','2021-07-21 02:05:11'),(31,'ラード','etc',100,'2021-07-21 02:05:11','2021-07-21 02:05:11'),(32,'チョコレート','etc',100,'2021-07-21 02:05:11','2021-07-21 02:05:11'),(33,'チーズ','etc',100,'2021-07-21 02:05:11','2021-07-21 02:05:11'),(34,'ホイップクリーム','etc',100,'2021-07-21 02:05:11','2021-07-21 02:05:11'),(35,'ツナ缶','seafood',0,'2021-07-21 02:05:11','2021-07-21 02:05:11'),(36,'ポテトチップス','etc',100,'2021-07-21 02:05:11','2021-07-21 02:05:11'),(37,'ラー油','etc',100,'2021-07-21 02:05:11','2021-07-21 02:05:11'),(38,'マヨネーズ','etc',100,'2021-07-21 02:05:11','2021-07-21 02:05:11'),(39,'昆布','seafood',100,'2021-07-21 02:05:11','2021-07-21 02:05:11'),(40,'わかめ','seafood',0,'2021-07-21 02:05:11','2021-07-21 02:05:11'),(41,'うなぎ','seafood',100,'2021-07-21 02:05:11','2021-07-21 02:05:11'),(42,'さわら','seafood',100,'2021-07-21 02:05:11','2021-07-21 02:05:11'),(43,'さんま','seafood',100,'2021-07-21 02:05:11','2021-07-21 02:05:11'),(44,'練乳','etc',100,'2021-07-21 02:05:11','2021-07-21 02:05:11'),(45,'アイスクリーム','etc',100,'2021-07-21 02:05:11','2021-07-21 02:05:11'),(46,'ウィンナー','meat',0,'2021-07-21 02:05:11','2021-07-21 02:05:11'),(47,'からし','etc',100,'2021-07-21 02:05:11','2021-07-21 02:05:11'),(48,'まぐろ','seafood',100,'2021-07-21 02:05:11','2021-07-21 02:05:11'),(49,'のり','seafood',100,'2021-07-21 02:05:11','2021-07-21 02:05:11'),(50,'こしょう','etc',100,'2021-07-21 02:05:11','2021-07-21 02:05:11'),(51,'ひじき','seafood',100,'2021-07-21 02:05:11','2021-07-21 02:05:11'),(52,'たい','seafood',100,'2021-07-21 02:05:11','2021-07-21 02:05:11'),(53,'ぶり','seafood',100,'2021-07-21 02:05:11','2021-07-21 02:05:11'),(54,'そらまめ','vegetable',100,'2021-07-21 02:05:11','2021-07-21 02:05:11'),(55,'しめじ','vegetable',100,'2021-07-21 02:05:11','2021-07-21 02:05:11'),(56,'油揚げ','etc',0,'2021-07-21 02:05:11','2021-07-21 02:05:11'),(57,'おから','etc',100,'2021-07-21 02:05:11','2021-07-21 02:05:11'),(58,'きな粉','etc',100,'2021-07-21 02:05:11','2021-07-21 02:05:11'),(59,'はまち','seafood',100,'2021-07-21 02:05:11','2021-07-21 02:05:11'),(60,'あなご','seafood',100,'2021-07-21 02:05:11','2021-07-21 02:05:11'),(61,'さとう','etc',100,'2021-07-21 02:05:11','2021-07-21 02:05:11'),(62,'黒砂糖','etc',100,'2021-07-21 02:05:11','2021-07-21 02:05:11'),(63,'寒天','seafood',100,'2021-07-21 02:05:11','2021-07-21 02:05:11'),(64,'米','grain',0,'2021-07-21 02:05:11','2021-07-21 02:05:11'),(65,'とうもろこし','vegetable',100,'2021-07-21 02:05:11','2021-07-21 02:05:11'),(66,'じゃがいも','vegetable',100,'2021-07-21 02:05:11','2021-07-21 02:05:11'),(67,'はちみつ','etc',100,'2021-07-21 02:05:11','2021-07-21 02:05:11'),(68,'ココア','etc',100,'2021-07-21 02:05:11','2021-07-21 02:05:11'),(69,'でんぶ','etc',100,'2021-07-21 02:05:11','2021-07-21 02:05:11'),(70,'せんべい・あられ','etc',100,'2021-07-21 02:05:11','2021-07-21 02:05:11'),(71,'こんにゃく','etc',100,'2021-07-21 02:05:11','2021-07-21 02:05:11'),(72,'きくらげ','vegetable',100,'2021-07-21 02:05:11','2021-07-21 02:05:11'),(73,'しいたけ','vegetable',100,'2021-07-21 02:05:11','2021-07-21 02:05:11'),(74,'とうがらし','vegetable',100,'2021-07-21 02:05:11','2021-07-21 02:05:11'),(75,'まいたけ','vegetable',100,'2021-07-21 02:05:11','2021-07-21 02:05:11'),(76,'あんこ','etc',100,'2021-07-21 02:05:11','2021-07-21 02:05:11'),(77,'だいこん','vegetable',0,'2021-07-21 02:05:11','2021-07-21 02:05:11'),(78,'ごぼう','vegetable',100,'2021-07-21 02:05:11','2021-07-21 02:05:11'),(79,'いんげん','vegetable',100,'2021-07-21 02:05:11','2021-07-21 02:05:11'),(80,'にんじん','vegetable',0,'2021-07-21 02:05:11','2021-07-21 02:05:11'),(81,'パプリカ','vegetable',100,'2021-07-21 02:05:11','2021-07-21 02:05:11'),(82,'春菊','vegetable',100,'2021-07-21 02:05:11','2021-07-21 02:05:11'),(83,'大葉','vegetable',100,'2021-07-21 02:05:11','2021-07-21 02:05:11'),(84,'パセリ','vegetable',100,'2021-07-21 02:05:11','2021-07-21 02:05:11'),(85,'ほうれん草','vegetable',100,'2021-07-21 02:05:11','2021-07-21 02:05:11'),(86,'モロヘイヤ','vegetable',100,'2021-07-21 02:05:11','2021-07-21 02:05:11'),(87,'よもぎ','vegetable',100,'2021-07-21 02:05:11','2021-07-21 02:05:11'),(88,'かぼちゃ','vegetable',100,'2021-07-21 02:05:11','2021-07-21 02:05:11'),(89,'ピーマン','vegetable',0,'2021-07-21 02:05:11','2021-07-21 02:05:11'),(90,'いよかん','fruit',100,'2021-07-21 02:05:11','2021-07-21 02:05:11'),(91,'桃','etc',100,'2021-07-21 02:05:11','2021-07-21 02:05:11'),(92,'抹茶','etc',100,'2021-07-21 02:05:11','2021-07-21 02:05:11'),(93,'そば','grain',0,'2021-07-21 02:05:11','2021-07-21 02:05:11'),(94,'味噌','etc',100,'2021-07-21 02:05:11','2021-07-21 02:05:11'),(95,'マヨネーズ','etc',100,'2021-07-21 02:05:11','2021-07-21 02:05:11'),(96,'枝豆','vegetable',100,'2021-07-21 02:05:11','2021-07-21 02:05:11'),(97,'かぶ','vegetable',100,'2021-07-21 02:05:11','2021-07-21 02:05:11'),(98,'にら','vegetable',100,'2021-07-21 02:05:11','2021-07-21 02:05:11'),(99,'小松菜','vegetable',0,'2021-07-21 02:05:11','2021-07-21 02:05:11'),(100,'ブロッコリー','vegetable',100,'2021-07-21 02:05:11','2021-07-21 02:05:11'),(101,'えんどう豆','vegetable',100,'2021-07-21 02:05:11','2021-07-21 02:05:11'),(102,'にんにく','vegetable',0,'2021-07-21 02:05:11','2021-07-21 02:05:11'),(103,'かつお','seafood',100,'2021-07-21 02:05:11','2021-07-21 02:05:11'),(104,'バナナ','fruit',100,'2021-07-21 02:05:11','2021-07-21 02:05:11'),(105,'しょうが','etc',100,'2021-07-21 02:05:11','2021-07-21 02:05:11'),(106,'あさり','seafood',100,'2021-07-21 02:05:11','2021-07-21 02:05:11'),(107,'しじみ','seafood',100,'2021-07-21 02:05:11','2021-07-21 02:05:11'),(108,'はまぐり','seafood',100,'2021-07-21 02:05:11','2021-07-21 02:05:11'),(109,'そら豆','vegetable',100,'2021-07-21 02:05:11','2021-07-21 02:05:11'),(110,'納豆','etc',100,'2021-07-21 02:05:11','2021-07-21 02:05:11'),(111,'カレー粉','etc',100,'2021-07-21 02:05:11','2021-07-21 02:05:11'),(112,'さんしょう','etc',100,'2021-07-21 02:05:11','2021-07-21 02:05:11'),(113,'わさび','etc',100,'2021-07-21 02:05:11','2021-07-21 02:05:11'),(114,'レモン','fruit',100,'2021-07-21 02:05:11','2021-07-21 02:05:11'),(115,'キウイフルーツ','fruit',100,'2021-07-21 02:05:11','2021-07-21 02:05:11'),(116,'梅干し','etc',100,'2021-07-21 02:05:11','2021-07-21 02:05:11'),(117,'昆布茶','etc',100,'2021-07-21 02:05:11','2021-07-21 02:05:11'),(118,'ウスターソース','etc',100,'2021-07-21 02:05:11','2021-07-21 02:05:11'),(119,'豆板醤','etc',100,'2021-07-21 02:05:11','2021-07-21 02:05:11'),(120,'しょうゆ','etc',100,'2021-07-21 02:05:11','2021-07-21 02:05:11'),(121,'塩','etc',100,'2021-07-21 02:05:11','2021-07-21 02:05:11'),(122,'めんつゆ','etc',100,'2021-07-21 02:05:11','2021-07-21 02:05:11'),(123,'オイスターソース','etc',100,'2021-07-21 02:05:11','2021-07-21 02:05:11'),(124,'えび','seafood',100,'2021-07-21 02:05:11','2021-07-21 02:05:11');
/*!40000 ALTER TABLE `food` ENABLE KEYS */;
UNLOCK TABLES;

--
-- Table structure for table `foodnutri`
--

DROP TABLE IF EXISTS `foodnutri`;
/*!40101 SET @saved_cs_client     = @@character_set_client */;
/*!40101 SET character_set_client = utf8 */;
CREATE TABLE `foodnutri` (
  `id` bigint(20) unsigned NOT NULL AUTO_INCREMENT,
  `food_id` varchar(255) COLLATE utf8_unicode_ci NOT NULL COMMENT '食材',
  `nutri_id` varchar(255) COLLATE utf8_unicode_ci NOT NULL COMMENT '栄養素',
  `amount` int(11) NOT NULL DEFAULT 0 COMMENT '含有量：未使用',
  `created_at` timestamp NULL DEFAULT NULL,
  `updated_at` timestamp NULL DEFAULT NULL,
  PRIMARY KEY (`id`)
) ENGINE=InnoDB AUTO_INCREMENT=427 DEFAULT CHARSET=utf8 COLLATE=utf8_unicode_ci;
/*!40101 SET character_set_client = @saved_cs_client */;

--
-- Dumping data for table `foodnutri`
--

LOCK TABLES `foodnutri` WRITE;
/*!40000 ALTER TABLE `foodnutri` DISABLE KEYS */;
INSERT INTO `foodnutri` VALUES (1,'1','1',0,'2021-07-21 02:05:11','2021-07-21 02:05:11'),(2,'1','2',0,'2021-07-21 02:05:11','2021-07-21 02:05:11'),(3,'1','3',0,'2021-07-21 02:05:11','2021-07-21 02:05:11'),(4,'1','4',0,'2021-07-21 02:05:11','2021-07-21 02:05:11'),(5,'1','12',0,'2021-07-21 02:05:11','2021-07-21 02:05:11'),(6,'1','14',0,'2021-07-21 02:05:11','2021-07-21 02:05:11'),(7,'1','16',0,'2021-07-21 02:05:11','2021-07-21 02:05:11'),(8,'1','27',0,'2021-07-21 02:05:11','2021-07-21 02:05:11'),(9,'1','32',0,'2021-07-21 02:05:11','2021-07-21 02:05:11'),(10,'2','1',0,'2021-07-21 02:05:11','2021-07-21 02:05:11'),(11,'2','4',0,'2021-07-21 02:05:11','2021-07-21 02:05:11'),(12,'2','8',0,'2021-07-21 02:05:11','2021-07-21 02:05:11'),(13,'2','18',0,'2021-07-21 02:05:11','2021-07-21 02:05:11'),(14,'2','19',0,'2021-07-21 02:05:11','2021-07-21 02:05:11'),(15,'2','25',0,'2021-07-21 02:05:11','2021-07-21 02:05:11'),(16,'2','31',0,'2021-07-21 02:05:11','2021-07-21 02:05:11'),(17,'3','1',0,'2021-07-21 02:05:11','2021-07-21 02:05:11'),(18,'3','8',0,'2021-07-21 02:05:11','2021-07-21 02:05:11'),(19,'3','13',0,'2021-07-21 02:05:11','2021-07-21 02:05:11'),(20,'3','23',0,'2021-07-21 02:05:11','2021-07-21 02:05:11'),(21,'3','25',0,'2021-07-21 02:05:11','2021-07-21 02:05:11'),(22,'4','1',0,'2021-07-21 02:05:11','2021-07-21 02:05:11'),(23,'4','4',0,'2021-07-21 02:05:11','2021-07-21 02:05:11'),(24,'4','5',0,'2021-07-21 02:05:11','2021-07-21 02:05:11'),(25,'4','7',0,'2021-07-21 02:05:11','2021-07-21 02:05:11'),(26,'4','10',0,'2021-07-21 02:05:11','2021-07-21 02:05:11'),(27,'4','11',0,'2021-07-21 02:05:11','2021-07-21 02:05:11'),(28,'4','12',0,'2021-07-21 02:05:11','2021-07-21 02:05:11'),(29,'4','17',0,'2021-07-21 02:05:11','2021-07-21 02:05:11'),(30,'4','19',0,'2021-07-21 02:05:11','2021-07-21 02:05:11'),(31,'4','21',0,'2021-07-21 02:05:11','2021-07-21 02:05:11'),(32,'4','22',0,'2021-07-21 02:05:11','2021-07-21 02:05:11'),(33,'4','23',0,'2021-07-21 02:05:11','2021-07-21 02:05:11'),(34,'4','24',0,'2021-07-21 02:05:11','2021-07-21 02:05:11'),(35,'4','25',0,'2021-07-21 02:05:11','2021-07-21 02:05:11'),(36,'4','26',0,'2021-07-21 02:05:11','2021-07-21 02:05:11'),(37,'4','27',0,'2021-07-21 02:05:11','2021-07-21 02:05:11'),(38,'4','28',0,'2021-07-21 02:05:11','2021-07-21 02:05:11'),(39,'4','29',0,'2021-07-21 02:05:11','2021-07-21 02:05:11'),(40,'4','33',0,'2021-07-21 02:05:11','2021-07-21 02:05:11'),(41,'5','1',0,'2021-07-21 02:05:11','2021-07-21 02:05:11'),(42,'5','4',0,'2021-07-21 02:05:11','2021-07-21 02:05:11'),(43,'5','5',0,'2021-07-21 02:05:11','2021-07-21 02:05:11'),(44,'5','8',0,'2021-07-21 02:05:11','2021-07-21 02:05:11'),(45,'5','9',0,'2021-07-21 02:05:11','2021-07-21 02:05:11'),(46,'5','14',0,'2021-07-21 02:05:11','2021-07-21 02:05:11'),(47,'6','1',0,'2021-07-21 02:05:11','2021-07-21 02:05:11'),(48,'6','9',0,'2021-07-21 02:05:11','2021-07-21 02:05:11'),(49,'6','15',0,'2021-07-21 02:05:11','2021-07-21 02:05:11'),(50,'6','31',0,'2021-07-21 02:05:11','2021-07-21 02:05:11'),(51,'7','1',0,'2021-07-21 02:05:11','2021-07-21 02:05:11'),(52,'7','4',0,'2021-07-21 02:05:11','2021-07-21 02:05:11'),(53,'7','5',0,'2021-07-21 02:05:11','2021-07-21 02:05:11'),(54,'7','8',0,'2021-07-21 02:05:11','2021-07-21 02:05:11'),(55,'7','9',0,'2021-07-21 02:05:11','2021-07-21 02:05:11'),(56,'7','14',0,'2021-07-21 02:05:11','2021-07-21 02:05:11'),(57,'7','15',0,'2021-07-21 02:05:11','2021-07-21 02:05:11'),(58,'7','16',0,'2021-07-21 02:05:11','2021-07-21 02:05:11'),(59,'7','17',0,'2021-07-21 02:05:11','2021-07-21 02:05:11'),(60,'7','24',0,'2021-07-21 02:05:11','2021-07-21 02:05:11'),(61,'7','25',0,'2021-07-21 02:05:11','2021-07-21 02:05:11'),(62,'7','27',0,'2021-07-21 02:05:11','2021-07-21 02:05:11'),(63,'8','1',0,'2021-07-21 02:05:11','2021-07-21 02:05:11'),(64,'8','4',0,'2021-07-21 02:05:11','2021-07-21 02:05:11'),(65,'8','5',0,'2021-07-21 02:05:11','2021-07-21 02:05:11'),(66,'8','13',0,'2021-07-21 02:05:11','2021-07-21 02:05:11'),(67,'8','15',0,'2021-07-21 02:05:11','2021-07-21 02:05:11'),(68,'8','16',0,'2021-07-21 02:05:11','2021-07-21 02:05:11'),(69,'8','30',0,'2021-07-21 02:05:11','2021-07-21 02:05:11'),(70,'8','31',0,'2021-07-21 02:05:11','2021-07-21 02:05:11'),(71,'9','1',0,'2021-07-21 02:05:11','2021-07-21 02:05:11'),(72,'9','5',0,'2021-07-21 02:05:11','2021-07-21 02:05:11'),(73,'9','8',0,'2021-07-21 02:05:11','2021-07-21 02:05:11'),(74,'9','15',0,'2021-07-21 02:05:11','2021-07-21 02:05:11'),(75,'10','1',0,'2021-07-21 02:05:11','2021-07-21 02:05:11'),(76,'10','10',0,'2021-07-21 02:05:11','2021-07-21 02:05:11'),(77,'10','12',0,'2021-07-21 02:05:11','2021-07-21 02:05:11'),(78,'10','13',0,'2021-07-21 02:05:11','2021-07-21 02:05:11'),(79,'10','17',0,'2021-07-21 02:05:11','2021-07-21 02:05:11'),(80,'10','21',0,'2021-07-21 02:05:11','2021-07-21 02:05:11'),(81,'10','24',0,'2021-07-21 02:05:11','2021-07-21 02:05:11'),(82,'10','25',0,'2021-07-21 02:05:11','2021-07-21 02:05:11'),(83,'10','26',0,'2021-07-21 02:05:11','2021-07-21 02:05:11'),(84,'10','27',0,'2021-07-21 02:05:11','2021-07-21 02:05:11'),(85,'10','29',0,'2021-07-21 02:05:11','2021-07-21 02:05:11'),(86,'10','31',0,'2021-07-21 02:05:11','2021-07-21 02:05:11'),(87,'11','1',0,'2021-07-21 02:05:11','2021-07-21 02:05:11'),(88,'11','15',0,'2021-07-21 02:05:11','2021-07-21 02:05:11'),(89,'11','25',0,'2021-07-21 02:05:11','2021-07-21 02:05:11'),(90,'11','27',0,'2021-07-21 02:05:11','2021-07-21 02:05:11'),(91,'12','1',0,'2021-07-21 02:05:11','2021-07-21 02:05:11'),(92,'13','1',0,'2021-07-21 02:05:11','2021-07-21 02:05:11'),(93,'14','1',0,'2021-07-21 02:05:11','2021-07-21 02:05:11'),(94,'14','17',0,'2021-07-21 02:05:11','2021-07-21 02:05:11'),(95,'14','21',0,'2021-07-21 02:05:11','2021-07-21 02:05:11'),(96,'14','23',0,'2021-07-21 02:05:11','2021-07-21 02:05:11'),(97,'14','25',0,'2021-07-21 02:05:11','2021-07-21 02:05:11'),(98,'14','26',0,'2021-07-21 02:05:11','2021-07-21 02:05:11'),(99,'14','28',0,'2021-07-21 02:05:11','2021-07-21 02:05:11'),(100,'14','29',0,'2021-07-21 02:05:11','2021-07-21 02:05:11'),(101,'15','1',0,'2021-07-21 02:05:11','2021-07-21 02:05:11'),(102,'15','4',0,'2021-07-21 02:05:11','2021-07-21 02:05:11'),(103,'15','5',0,'2021-07-21 02:05:11','2021-07-21 02:05:11'),(104,'15','27',0,'2021-07-21 02:05:11','2021-07-21 02:05:11'),(105,'16','1',0,'2021-07-21 02:05:11','2021-07-21 02:05:11'),(106,'17','1',0,'2021-07-21 02:05:11','2021-07-21 02:05:11'),(107,'17','16',0,'2021-07-21 02:05:11','2021-07-21 02:05:11'),(108,'18','2',0,'2021-07-21 02:05:11','2021-07-21 02:05:11'),(109,'19','2',0,'2021-07-21 02:05:11','2021-07-21 02:05:11'),(110,'19','3',0,'2021-07-21 02:05:11','2021-07-21 02:05:11'),(111,'19','4',0,'2021-07-21 02:05:11','2021-07-21 02:05:11'),(112,'19','10',0,'2021-07-21 02:05:11','2021-07-21 02:05:11'),(113,'20','2',0,'2021-07-21 02:05:11','2021-07-21 02:05:11'),(114,'20','3',0,'2021-07-21 02:05:11','2021-07-21 02:05:11'),(115,'20','5',0,'2021-07-21 02:05:11','2021-07-21 02:05:11'),(116,'20','8',0,'2021-07-21 02:05:11','2021-07-21 02:05:11'),(117,'21','2',0,'2021-07-21 02:05:11','2021-07-21 02:05:11'),(118,'22','2',0,'2021-07-21 02:05:11','2021-07-21 02:05:11'),(119,'22','3',0,'2021-07-21 02:05:11','2021-07-21 02:05:11'),(120,'23','2',0,'2021-07-21 02:05:11','2021-07-21 02:05:11'),(121,'24','2',0,'2021-07-21 02:05:11','2021-07-21 02:05:11'),(122,'24','3',0,'2021-07-21 02:05:11','2021-07-21 02:05:11'),(123,'25','2',0,'2021-07-21 02:05:11','2021-07-21 02:05:11'),(124,'25','4',0,'2021-07-21 02:05:11','2021-07-21 02:05:11'),(125,'25','10',0,'2021-07-21 02:05:11','2021-07-21 02:05:11'),(126,'25','12',0,'2021-07-21 02:05:11','2021-07-21 02:05:11'),(127,'25','14',0,'2021-07-21 02:05:11','2021-07-21 02:05:11'),(128,'25','23',0,'2021-07-21 02:05:11','2021-07-21 02:05:11'),(129,'25','25',0,'2021-07-21 02:05:11','2021-07-21 02:05:11'),(130,'25','26',0,'2021-07-21 02:05:11','2021-07-21 02:05:11'),(131,'25','27',0,'2021-07-21 02:05:11','2021-07-21 02:05:11'),(132,'25','28',0,'2021-07-21 02:05:11','2021-07-21 02:05:11'),(133,'25','29',0,'2021-07-21 02:05:11','2021-07-21 02:05:11'),(134,'25','33',0,'2021-07-21 02:05:11','2021-07-21 02:05:11'),(135,'26','2',0,'2021-07-21 02:05:11','2021-07-21 02:05:11'),(136,'26','4',0,'2021-07-21 02:05:11','2021-07-21 02:05:11'),(137,'26','10',0,'2021-07-21 02:05:11','2021-07-21 02:05:11'),(138,'26','13',0,'2021-07-21 02:05:11','2021-07-21 02:05:11'),(139,'26','19',0,'2021-07-21 02:05:11','2021-07-21 02:05:11'),(140,'26','24',0,'2021-07-21 02:05:11','2021-07-21 02:05:11'),(141,'26','28',0,'2021-07-21 02:05:11','2021-07-21 02:05:11'),(142,'27','2',0,'2021-07-21 02:05:11','2021-07-21 02:05:11'),(143,'27','4',0,'2021-07-21 02:05:11','2021-07-21 02:05:11'),(144,'27','10',0,'2021-07-21 02:05:11','2021-07-21 02:05:11'),(145,'27','28',0,'2021-07-21 02:05:11','2021-07-21 02:05:11'),(146,'28','2',0,'2021-07-21 02:05:11','2021-07-21 02:05:11'),(147,'28','4',0,'2021-07-21 02:05:11','2021-07-21 02:05:11'),(148,'28','10',0,'2021-07-21 02:05:11','2021-07-21 02:05:11'),(149,'28','12',0,'2021-07-21 02:05:11','2021-07-21 02:05:11'),(150,'28','16',0,'2021-07-21 02:05:11','2021-07-21 02:05:11'),(151,'28','18',0,'2021-07-21 02:05:11','2021-07-21 02:05:11'),(152,'28','29',0,'2021-07-21 02:05:11','2021-07-21 02:05:11'),(153,'28','33',0,'2021-07-21 02:05:11','2021-07-21 02:05:11'),(154,'29','2',0,'2021-07-21 02:05:11','2021-07-21 02:05:11'),(155,'29','4',0,'2021-07-21 02:05:11','2021-07-21 02:05:11'),(156,'29','14',0,'2021-07-21 02:05:11','2021-07-21 02:05:11'),(157,'29','16',0,'2021-07-21 02:05:11','2021-07-21 02:05:11'),(158,'29','18',0,'2021-07-21 02:05:11','2021-07-21 02:05:11'),(159,'29','19',0,'2021-07-21 02:05:11','2021-07-21 02:05:11'),(160,'30','3',0,'2021-07-21 02:05:11','2021-07-21 02:05:11'),(161,'31','3',0,'2021-07-21 02:05:11','2021-07-21 02:05:11'),(162,'32','3',0,'2021-07-21 02:05:11','2021-07-21 02:05:11'),(163,'33','3',0,'2021-07-21 02:05:11','2021-07-21 02:05:11'),(164,'33','8',0,'2021-07-21 02:05:11','2021-07-21 02:05:11'),(165,'33','23',0,'2021-07-21 02:05:11','2021-07-21 02:05:11'),(166,'33','25',0,'2021-07-21 02:05:11','2021-07-21 02:05:11'),(167,'34','3',0,'2021-07-21 02:05:11','2021-07-21 02:05:11'),(168,'34','8',0,'2021-07-21 02:05:11','2021-07-21 02:05:11'),(169,'35','4',0,'2021-07-21 02:05:11','2021-07-21 02:05:11'),(170,'35','10',0,'2021-07-21 02:05:11','2021-07-21 02:05:11'),(171,'36','4',0,'2021-07-21 02:05:11','2021-07-21 02:05:11'),(172,'37','4',0,'2021-07-21 02:05:11','2021-07-21 02:05:11'),(173,'37','10',0,'2021-07-21 02:05:11','2021-07-21 02:05:11'),(174,'38','4',0,'2021-07-21 02:05:11','2021-07-21 02:05:11'),(175,'39','4',0,'2021-07-21 02:05:11','2021-07-21 02:05:11'),(176,'39','7',0,'2021-07-21 02:05:11','2021-07-21 02:05:11'),(177,'39','17',0,'2021-07-21 02:05:11','2021-07-21 02:05:11'),(178,'39','21',0,'2021-07-21 02:05:11','2021-07-21 02:05:11'),(179,'39','22',0,'2021-07-21 02:05:11','2021-07-21 02:05:11'),(180,'39','23',0,'2021-07-21 02:05:11','2021-07-21 02:05:11'),(181,'39','24',0,'2021-07-21 02:05:11','2021-07-21 02:05:11'),(182,'39','26',0,'2021-07-21 02:05:11','2021-07-21 02:05:11'),(183,'39','30',0,'2021-07-21 02:05:11','2021-07-21 02:05:11'),(184,'40','4',0,'2021-07-21 02:05:11','2021-07-21 02:05:11'),(185,'40','5',0,'2021-07-21 02:05:11','2021-07-21 02:05:11'),(186,'40','7',0,'2021-07-21 02:05:11','2021-07-21 02:05:11'),(187,'40','8',0,'2021-07-21 02:05:11','2021-07-21 02:05:11'),(188,'40','13',0,'2021-07-21 02:05:11','2021-07-21 02:05:11'),(189,'40','17',0,'2021-07-21 02:05:11','2021-07-21 02:05:11'),(190,'40','21',0,'2021-07-21 02:05:11','2021-07-21 02:05:11'),(191,'40','22',0,'2021-07-21 02:05:11','2021-07-21 02:05:11'),(192,'40','23',0,'2021-07-21 02:05:11','2021-07-21 02:05:11'),(193,'40','24',0,'2021-07-21 02:05:11','2021-07-21 02:05:11'),(194,'40','30',0,'2021-07-21 02:05:11','2021-07-21 02:05:11'),(195,'40','32',0,'2021-07-21 02:05:11','2021-07-21 02:05:11'),(196,'41','4',0,'2021-07-21 02:05:11','2021-07-21 02:05:11'),(197,'41','5',0,'2021-07-21 02:05:11','2021-07-21 02:05:11'),(198,'41','8',0,'2021-07-21 02:05:11','2021-07-21 02:05:11'),(199,'41','12',0,'2021-07-21 02:05:11','2021-07-21 02:05:11'),(200,'41','13',0,'2021-07-21 02:05:11','2021-07-21 02:05:11'),(201,'41','18',0,'2021-07-21 02:05:11','2021-07-21 02:05:11'),(202,'42','4',0,'2021-07-21 02:05:11','2021-07-21 02:05:11'),(203,'43','4',0,'2021-07-21 02:05:11','2021-07-21 02:05:11'),(204,'43','5',0,'2021-07-21 02:05:11','2021-07-21 02:05:11'),(205,'43','15',0,'2021-07-21 02:05:11','2021-07-21 02:05:11'),(206,'44','4',0,'2021-07-21 02:05:11','2021-07-21 02:05:11'),(207,'45','4',0,'2021-07-21 02:05:11','2021-07-21 02:05:11'),(208,'46','1',0,'2021-07-21 02:05:11','2021-07-21 02:05:11'),(209,'46','2',0,'2021-07-21 02:05:11','2021-07-21 02:05:11'),(210,'46','3',0,'2021-07-21 02:05:11','2021-07-21 02:05:11'),(211,'46','4',0,'2021-07-21 02:05:11','2021-07-21 02:05:11'),(212,'47','4',0,'2021-07-21 02:05:11','2021-07-21 02:05:11'),(213,'47','5',0,'2021-07-21 02:05:11','2021-07-21 02:05:11'),(214,'47','12',0,'2021-07-21 02:05:11','2021-07-21 02:05:11'),(215,'47','19',0,'2021-07-21 02:05:11','2021-07-21 02:05:11'),(216,'47','21',0,'2021-07-21 02:05:11','2021-07-21 02:05:11'),(217,'47','24',0,'2021-07-21 02:05:11','2021-07-21 02:05:11'),(218,'47','25',0,'2021-07-21 02:05:11','2021-07-21 02:05:11'),(219,'47','26',0,'2021-07-21 02:05:11','2021-07-21 02:05:11'),(220,'47','27',0,'2021-07-21 02:05:11','2021-07-21 02:05:11'),(221,'47','31',0,'2021-07-21 02:05:11','2021-07-21 02:05:11'),(222,'47','33',0,'2021-07-21 02:05:11','2021-07-21 02:05:11'),(223,'48','4',0,'2021-07-21 02:05:11','2021-07-21 02:05:11'),(224,'48','5',0,'2021-07-21 02:05:11','2021-07-21 02:05:11'),(225,'48','8',0,'2021-07-21 02:05:11','2021-07-21 02:05:11'),(226,'48','14',0,'2021-07-21 02:05:11','2021-07-21 02:05:11'),(227,'48','16',0,'2021-07-21 02:05:11','2021-07-21 02:05:11'),(228,'48','31',0,'2021-07-21 02:05:11','2021-07-21 02:05:11'),(229,'49','4',0,'2021-07-21 02:05:11','2021-07-21 02:05:11'),(230,'49','5',0,'2021-07-21 02:05:11','2021-07-21 02:05:11'),(231,'49','7',0,'2021-07-21 02:05:11','2021-07-21 02:05:11'),(232,'49','8',0,'2021-07-21 02:05:11','2021-07-21 02:05:11'),(233,'49','11',0,'2021-07-21 02:05:11','2021-07-21 02:05:11'),(234,'49','13',0,'2021-07-21 02:05:11','2021-07-21 02:05:11'),(235,'49','14',0,'2021-07-21 02:05:11','2021-07-21 02:05:11'),(236,'49','15',0,'2021-07-21 02:05:11','2021-07-21 02:05:11'),(237,'49','16',0,'2021-07-21 02:05:11','2021-07-21 02:05:11'),(238,'49','17',0,'2021-07-21 02:05:11','2021-07-21 02:05:11'),(239,'49','19',0,'2021-07-21 02:05:11','2021-07-21 02:05:11'),(240,'49','20',0,'2021-07-21 02:05:11','2021-07-21 02:05:11'),(241,'49','25',0,'2021-07-21 02:05:11','2021-07-21 02:05:11'),(242,'49','26',0,'2021-07-21 02:05:11','2021-07-21 02:05:11'),(243,'49','29',0,'2021-07-21 02:05:11','2021-07-21 02:05:11'),(244,'50','4',0,'2021-07-21 02:05:11','2021-07-21 02:05:11'),(245,'50','5',0,'2021-07-21 02:05:11','2021-07-21 02:05:11'),(246,'50','26',0,'2021-07-21 02:05:11','2021-07-21 02:05:11'),(247,'50','28',0,'2021-07-21 02:05:11','2021-07-21 02:05:11'),(248,'50','29',0,'2021-07-21 02:05:11','2021-07-21 02:05:11'),(249,'50','32',0,'2021-07-21 02:05:11','2021-07-21 02:05:11'),(250,'51','4',0,'2021-07-21 02:05:11','2021-07-21 02:05:11'),(251,'51','7',0,'2021-07-21 02:05:11','2021-07-21 02:05:11'),(252,'51','11',0,'2021-07-21 02:05:11','2021-07-21 02:05:11'),(253,'51','22',0,'2021-07-21 02:05:11','2021-07-21 02:05:11'),(254,'51','26',0,'2021-07-21 02:05:11','2021-07-21 02:05:11'),(255,'51','30',0,'2021-07-21 02:05:11','2021-07-21 02:05:11'),(256,'51','32',0,'2021-07-21 02:05:11','2021-07-21 02:05:11'),(257,'52','4',0,'2021-07-21 02:05:11','2021-07-21 02:05:11'),(258,'52','5',0,'2021-07-21 02:05:11','2021-07-21 02:05:11'),(259,'53','4',0,'2021-07-21 02:05:11','2021-07-21 02:05:11'),(260,'53','5',0,'2021-07-21 02:05:11','2021-07-21 02:05:11'),(261,'53','31',0,'2021-07-21 02:05:11','2021-07-21 02:05:11'),(262,'54','5',0,'2021-07-21 02:05:11','2021-07-21 02:05:11'),(263,'54','28',0,'2021-07-21 02:05:11','2021-07-21 02:05:11'),(264,'54','33',0,'2021-07-21 02:05:11','2021-07-21 02:05:11'),(265,'55','5',0,'2021-07-21 02:05:11','2021-07-21 02:05:11'),(266,'55','18',0,'2021-07-21 02:05:11','2021-07-21 02:05:11'),(267,'56','5',0,'2021-07-21 02:05:11','2021-07-21 02:05:11'),(268,'57','5',0,'2021-07-21 02:05:11','2021-07-21 02:05:11'),(269,'58','5',0,'2021-07-21 02:05:11','2021-07-21 02:05:11'),(270,'58','10',0,'2021-07-21 02:05:11','2021-07-21 02:05:11'),(271,'58','19',0,'2021-07-21 02:05:11','2021-07-21 02:05:11'),(272,'58','29',0,'2021-07-21 02:05:11','2021-07-21 02:05:11'),(273,'58','32',0,'2021-07-21 02:05:11','2021-07-21 02:05:11'),(274,'59','5',0,'2021-07-21 02:05:11','2021-07-21 02:05:11'),(275,'60','5',0,'2021-07-21 02:05:11','2021-07-21 02:05:11'),(276,'60','8',0,'2021-07-21 02:05:11','2021-07-21 02:05:11'),(277,'61','6',0,'2021-07-21 02:05:11','2021-07-21 02:05:11'),(278,'62','6',0,'2021-07-21 02:05:11','2021-07-21 02:05:11'),(279,'62','19',0,'2021-07-21 02:05:11','2021-07-21 02:05:11'),(280,'63','6',0,'2021-07-21 02:05:11','2021-07-21 02:05:11'),(281,'63','7',0,'2021-07-21 02:05:11','2021-07-21 02:05:11'),(282,'64','6',0,'2021-07-21 02:05:11','2021-07-21 02:05:11'),(283,'65','6',0,'2021-07-21 02:05:11','2021-07-21 02:05:11'),(284,'65','8',0,'2021-07-21 02:05:11','2021-07-21 02:05:11'),(285,'66','6',0,'2021-07-21 02:05:11','2021-07-21 02:05:11'),(286,'66','14',0,'2021-07-21 02:05:11','2021-07-21 02:05:11'),(287,'67','6',0,'2021-07-21 02:05:11','2021-07-21 02:05:11'),(288,'68','6',0,'2021-07-21 02:05:11','2021-07-21 02:05:11'),(289,'69','6',0,'2021-07-21 02:05:11','2021-07-21 02:05:11'),(290,'70','6',0,'2021-07-21 02:05:11','2021-07-21 02:05:11'),(291,'71','7',0,'2021-07-21 02:05:11','2021-07-21 02:05:11'),(292,'71','14',0,'2021-07-21 02:05:11','2021-07-21 02:05:11'),(293,'71','22',0,'2021-07-21 02:05:11','2021-07-21 02:05:11'),(294,'71','23',0,'2021-07-21 02:05:11','2021-07-21 02:05:11'),(295,'71','26',0,'2021-07-21 02:05:11','2021-07-21 02:05:11'),(296,'72','7',0,'2021-07-21 02:05:11','2021-07-21 02:05:11'),(297,'72','9',0,'2021-07-21 02:05:11','2021-07-21 02:05:11'),(298,'72','13',0,'2021-07-21 02:05:11','2021-07-21 02:05:11'),(299,'72','19',0,'2021-07-21 02:05:11','2021-07-21 02:05:11'),(300,'72','26',0,'2021-07-21 02:05:11','2021-07-21 02:05:11'),(301,'72','29',0,'2021-07-21 02:05:11','2021-07-21 02:05:11'),(302,'72','32',0,'2021-07-21 02:05:11','2021-07-21 02:05:11'),(303,'73','7',0,'2021-07-21 02:05:11','2021-07-21 02:05:11'),(304,'73','13',0,'2021-07-21 02:05:11','2021-07-21 02:05:11'),(305,'73','16',0,'2021-07-21 02:05:11','2021-07-21 02:05:11'),(306,'73','17',0,'2021-07-21 02:05:11','2021-07-21 02:05:11'),(307,'73','18',0,'2021-07-21 02:05:11','2021-07-21 02:05:11'),(308,'73','19',0,'2021-07-21 02:05:11','2021-07-21 02:05:11'),(309,'73','22',0,'2021-07-21 02:05:11','2021-07-21 02:05:11'),(310,'74','7',0,'2021-07-21 02:05:11','2021-07-21 02:05:11'),(311,'74','8',0,'2021-07-21 02:05:11','2021-07-21 02:05:11'),(312,'74','10',0,'2021-07-21 02:05:11','2021-07-21 02:05:11'),(313,'74','13',0,'2021-07-21 02:05:11','2021-07-21 02:05:11'),(314,'74','16',0,'2021-07-21 02:05:11','2021-07-21 02:05:11'),(315,'74','18',0,'2021-07-21 02:05:11','2021-07-21 02:05:11'),(316,'74','19',0,'2021-07-21 02:05:11','2021-07-21 02:05:11'),(317,'74','20',0,'2021-07-21 02:05:11','2021-07-21 02:05:11'),(318,'74','22',0,'2021-07-21 02:05:11','2021-07-21 02:05:11'),(319,'74','26',0,'2021-07-21 02:05:11','2021-07-21 02:05:11'),(320,'74','28',0,'2021-07-21 02:05:11','2021-07-21 02:05:11'),(321,'74','32',0,'2021-07-21 02:05:11','2021-07-21 02:05:11'),(322,'75','7',0,'2021-07-21 02:05:11','2021-07-21 02:05:11'),(323,'75','12',0,'2021-07-21 02:05:11','2021-07-21 02:05:11'),(324,'75','13',0,'2021-07-21 02:05:11','2021-07-21 02:05:11'),(325,'75','16',0,'2021-07-21 02:05:11','2021-07-21 02:05:11'),(326,'75','18',0,'2021-07-21 02:05:11','2021-07-21 02:05:11'),(327,'75','19',0,'2021-07-21 02:05:11','2021-07-21 02:05:11'),(328,'75','27',0,'2021-07-21 02:05:11','2021-07-21 02:05:11'),(329,'75','28',0,'2021-07-21 02:05:11','2021-07-21 02:05:11'),(330,'76','7',0,'2021-07-21 02:05:11','2021-07-21 02:05:11'),(331,'77','7',0,'2021-07-21 02:05:11','2021-07-21 02:05:11'),(332,'77','22',0,'2021-07-21 02:05:11','2021-07-21 02:05:11'),(333,'78','7',0,'2021-07-21 02:05:11','2021-07-21 02:05:11'),(334,'79','8',0,'2021-07-21 02:05:11','2021-07-21 02:05:11'),(335,'79','33',0,'2021-07-21 02:05:11','2021-07-21 02:05:11'),(336,'80','8',0,'2021-07-21 02:05:11','2021-07-21 02:05:11'),(337,'81','8',0,'2021-07-21 02:05:11','2021-07-21 02:05:11'),(338,'82','8',0,'2021-07-21 02:05:11','2021-07-21 02:05:11'),(339,'82','11',0,'2021-07-21 02:05:11','2021-07-21 02:05:11'),(340,'83','8',0,'2021-07-21 02:05:11','2021-07-21 02:05:11'),(341,'83','11',0,'2021-07-21 02:05:11','2021-07-21 02:05:11'),(342,'84','8',0,'2021-07-21 02:05:11','2021-07-21 02:05:11'),(343,'85','8',0,'2021-07-21 02:05:11','2021-07-21 02:05:11'),(344,'85','11',0,'2021-07-21 02:05:11','2021-07-21 02:05:11'),(345,'85','32',0,'2021-07-21 02:05:11','2021-07-21 02:05:11'),(346,'86','8',0,'2021-07-21 02:05:11','2021-07-21 02:05:11'),(347,'86','11',0,'2021-07-21 02:05:11','2021-07-21 02:05:11'),(348,'86','20',0,'2021-07-21 02:05:11','2021-07-21 02:05:11'),(349,'87','8',0,'2021-07-21 02:05:11','2021-07-21 02:05:11'),(350,'88','8',0,'2021-07-21 02:05:11','2021-07-21 02:05:11'),(351,'88','10',0,'2021-07-21 02:05:11','2021-07-21 02:05:11'),(352,'89','8',0,'2021-07-21 02:05:11','2021-07-21 02:05:11'),(353,'89','20',0,'2021-07-21 02:05:11','2021-07-21 02:05:11'),(354,'90','8',0,'2021-07-21 02:05:11','2021-07-21 02:05:11'),(355,'91','8',0,'2021-07-21 02:05:11','2021-07-21 02:05:11'),(356,'92','10',0,'2021-07-21 02:05:11','2021-07-21 02:05:11'),(357,'92','11',0,'2021-07-21 02:05:11','2021-07-21 02:05:11'),(358,'92','13',0,'2021-07-21 02:05:11','2021-07-21 02:05:11'),(359,'92','14',0,'2021-07-21 02:05:11','2021-07-21 02:05:11'),(360,'92','17',0,'2021-07-21 02:05:11','2021-07-21 02:05:11'),(361,'92','22',0,'2021-07-21 02:05:11','2021-07-21 02:05:11'),(362,'92','24',0,'2021-07-21 02:05:11','2021-07-21 02:05:11'),(363,'92','26',0,'2021-07-21 02:05:11','2021-07-21 02:05:11'),(364,'92','27',0,'2021-07-21 02:05:11','2021-07-21 02:05:11'),(365,'93','10',0,'2021-07-21 02:05:11','2021-07-21 02:05:11'),(366,'93','13',0,'2021-07-21 02:05:11','2021-07-21 02:05:11'),(367,'93','18',0,'2021-07-21 02:05:11','2021-07-21 02:05:11'),(368,'93','19',0,'2021-07-21 02:05:11','2021-07-21 02:05:11'),(369,'93','24',0,'2021-07-21 02:05:11','2021-07-21 02:05:11'),(370,'93','25',0,'2021-07-21 02:05:11','2021-07-21 02:05:11'),(371,'94','10',0,'2021-07-21 02:05:11','2021-07-21 02:05:11'),(372,'94','21',0,'2021-07-21 02:05:11','2021-07-21 02:05:11'),(373,'95','10',0,'2021-07-21 02:05:11','2021-07-21 02:05:11'),(374,'96','10',0,'2021-07-21 02:05:11','2021-07-21 02:05:11'),(375,'96','17',0,'2021-07-21 02:05:11','2021-07-21 02:05:11'),(376,'96','33',0,'2021-07-21 02:05:11','2021-07-21 02:05:11'),(377,'97','11',0,'2021-07-21 02:05:11','2021-07-21 02:05:11'),(378,'97','20',0,'2021-07-21 02:05:11','2021-07-21 02:05:11'),(379,'98','11',0,'2021-07-21 02:05:11','2021-07-21 02:05:11'),(380,'99','11',0,'2021-07-21 02:05:11','2021-07-21 02:05:11'),(381,'100','11',0,'2021-07-21 02:05:11','2021-07-21 02:05:11'),(382,'100','14',0,'2021-07-21 02:05:11','2021-07-21 02:05:11'),(383,'100','17',0,'2021-07-21 02:05:11','2021-07-21 02:05:11'),(384,'100','20',0,'2021-07-21 02:05:11','2021-07-21 02:05:11'),(385,'101','12',0,'2021-07-21 02:05:11','2021-07-21 02:05:11'),(386,'101','23',0,'2021-07-21 02:05:11','2021-07-21 02:05:11'),(387,'101','33',0,'2021-07-21 02:05:11','2021-07-21 02:05:11'),(388,'102','14',0,'2021-07-21 02:05:11','2021-07-21 02:05:11'),(389,'103','14',0,'2021-07-21 02:05:11','2021-07-21 02:05:11'),(390,'103','16',0,'2021-07-21 02:05:11','2021-07-21 02:05:11'),(391,'104','14',0,'2021-07-21 02:05:11','2021-07-21 02:05:11'),(392,'105','14',0,'2021-07-21 02:05:11','2021-07-21 02:05:11'),(393,'105','20',0,'2021-07-21 02:05:11','2021-07-21 02:05:11'),(394,'105','26',0,'2021-07-21 02:05:11','2021-07-21 02:05:11'),(395,'105','29',0,'2021-07-21 02:05:11','2021-07-21 02:05:11'),(396,'106','15',0,'2021-07-21 02:05:11','2021-07-21 02:05:11'),(397,'106','26',0,'2021-07-21 02:05:11','2021-07-21 02:05:11'),(398,'107','15',0,'2021-07-21 02:05:11','2021-07-21 02:05:11'),(399,'108','15',0,'2021-07-21 02:05:11','2021-07-21 02:05:11'),(400,'109','17',0,'2021-07-21 02:05:11','2021-07-21 02:05:11'),(401,'110','18',0,'2021-07-21 02:05:11','2021-07-21 02:05:11'),(402,'111','19',0,'2021-07-21 02:05:11','2021-07-21 02:05:11'),(403,'111','21',0,'2021-07-21 02:05:11','2021-07-21 02:05:11'),(404,'111','22',0,'2021-07-21 02:05:11','2021-07-21 02:05:11'),(405,'111','23',0,'2021-07-21 02:05:11','2021-07-21 02:05:11'),(406,'111','26',0,'2021-07-21 02:05:11','2021-07-21 02:05:11'),(407,'111','29',0,'2021-07-21 02:05:11','2021-07-21 02:05:11'),(408,'112','19',0,'2021-07-21 02:05:11','2021-07-21 02:05:11'),(409,'112','23',0,'2021-07-21 02:05:11','2021-07-21 02:05:11'),(410,'113','20',0,'2021-07-21 02:05:11','2021-07-21 02:05:11'),(411,'113','26',0,'2021-07-21 02:05:11','2021-07-21 02:05:11'),(412,'113','32',0,'2021-07-21 02:05:11','2021-07-21 02:05:11'),(413,'114','20',0,'2021-07-21 02:05:11','2021-07-21 02:05:11'),(414,'115','20',0,'2021-07-21 02:05:11','2021-07-21 02:05:11'),(415,'116','21',0,'2021-07-21 02:05:11','2021-07-21 02:05:11'),(416,'116','32',0,'2021-07-21 02:05:11','2021-07-21 02:05:11'),(417,'117','21',0,'2021-07-21 02:05:11','2021-07-21 02:05:11'),(418,'117','30',0,'2021-07-21 02:05:11','2021-07-21 02:05:11'),(419,'118','21',0,'2021-07-21 02:05:11','2021-07-21 02:05:11'),(420,'119','21',0,'2021-07-21 02:05:11','2021-07-21 02:05:11'),(421,'120','21',0,'2021-07-21 02:05:11','2021-07-21 02:05:11'),(422,'120','33',0,'2021-07-21 02:05:11','2021-07-21 02:05:11'),(423,'121','21',0,'2021-07-21 02:05:11','2021-07-21 02:05:11'),(424,'122','21',0,'2021-07-21 02:05:11','2021-07-21 02:05:11'),(425,'123','21',0,'2021-07-21 02:05:11','2021-07-21 02:05:11'),(426,'124','28',0,'2021-07-21 02:05:11','2021-07-21 02:05:11');
/*!40000 ALTER TABLE `foodnutri` ENABLE KEYS */;
UNLOCK TABLES;

--
-- Table structure for table `menu`
--

DROP TABLE IF EXISTS `menu`;
/*!40101 SET @saved_cs_client     = @@character_set_client */;
/*!40101 SET character_set_client = utf8 */;
CREATE TABLE `menu` (
  `id` bigint(20) unsigned NOT NULL AUTO_INCREMENT,
  `name` varchar(255) COLLATE utf8_unicode_ci NOT NULL COMMENT '名前',
  `servedate` date NOT NULL COMMENT '提供日',
  `timing` varchar(255) COLLATE utf8_unicode_ci NOT NULL COMMENT 'lunch/dinner',
  `created_at` timestamp NULL DEFAULT NULL,
  `updated_at` timestamp NULL DEFAULT NULL,
  PRIMARY KEY (`id`)
) ENGINE=InnoDB DEFAULT CHARSET=utf8 COLLATE=utf8_unicode_ci;
/*!40101 SET character_set_client = @saved_cs_client */;

--
-- Dumping data for table `menu`
--

LOCK TABLES `menu` WRITE;
/*!40000 ALTER TABLE `menu` DISABLE KEYS */;
/*!40000 ALTER TABLE `menu` ENABLE KEYS */;
UNLOCK TABLES;

--
-- Table structure for table `menufood`
--

DROP TABLE IF EXISTS `menufood`;
/*!40101 SET @saved_cs_client     = @@character_set_client */;
/*!40101 SET character_set_client = utf8 */;
CREATE TABLE `menufood` (
  `id` bigint(20) unsigned NOT NULL AUTO_INCREMENT,
  `menu_id` varchar(255) COLLATE utf8_unicode_ci NOT NULL COMMENT '献立',
  `food_id` varchar(255) COLLATE utf8_unicode_ci NOT NULL COMMENT '食材',
  `amount` int(11) NOT NULL DEFAULT 0 COMMENT '含有量：未使用',
  `created_at` timestamp NULL DEFAULT NULL,
  `updated_at` timestamp NULL DEFAULT NULL,
  PRIMARY KEY (`id`)
) ENGINE=InnoDB DEFAULT CHARSET=utf8 COLLATE=utf8_unicode_ci;
/*!40101 SET character_set_client = @saved_cs_client */;

--
-- Dumping data for table `menufood`
--

LOCK TABLES `menufood` WRITE;
/*!40000 ALTER TABLE `menufood` DISABLE KEYS */;
/*!40000 ALTER TABLE `menufood` ENABLE KEYS */;
UNLOCK TABLES;

--
-- Table structure for table `migrations`
--

DROP TABLE IF EXISTS `migrations`;
/*!40101 SET @saved_cs_client     = @@character_set_client */;
/*!40101 SET character_set_client = utf8 */;
CREATE TABLE `migrations` (
  `id` int(10) unsigned NOT NULL AUTO_INCREMENT,
  `migration` varchar(255) COLLATE utf8_unicode_ci NOT NULL,
  `batch` int(11) NOT NULL,
  PRIMARY KEY (`id`)
) ENGINE=InnoDB AUTO_INCREMENT=9 DEFAULT CHARSET=utf8 COLLATE=utf8_unicode_ci;
/*!40101 SET character_set_client = @saved_cs_client */;

--
-- Dumping data for table `migrations`
--

LOCK TABLES `migrations` WRITE;
/*!40000 ALTER TABLE `migrations` DISABLE KEYS */;
INSERT INTO `migrations` VALUES (1,'2014_10_12_000000_create_user_table',1),(2,'2014_10_12_100000_create_password_resets_table',1),(3,'2019_08_19_000000_create_failed_jobs_table',1),(4,'2021_07_14_000000_create_food',1),(5,'2021_07_14_000000_create_foodnutri',1),(6,'2021_07_14_000000_create_menu',1),(7,'2021_07_14_000000_create_menufood',1),(8,'2021_07_14_000000_create_nutri',1);
/*!40000 ALTER TABLE `migrations` ENABLE KEYS */;
UNLOCK TABLES;

--
-- Table structure for table `nutri`
--

DROP TABLE IF EXISTS `nutri`;
/*!40101 SET @saved_cs_client     = @@character_set_client */;
/*!40101 SET character_set_client = utf8 */;
CREATE TABLE `nutri` (
  `id` bigint(20) unsigned NOT NULL AUTO_INCREMENT,
  `name` varchar(255) COLLATE utf8_unicode_ci NOT NULL COMMENT '名前',
  `dailyrequired` int(11) NOT NULL DEFAULT 0 COMMENT '1日の必須量：未使用',
  `pos` int(11) NOT NULL COMMENT '表示位置。昇順。',
  `created_at` timestamp NULL DEFAULT NULL,
  `updated_at` timestamp NULL DEFAULT NULL,
  PRIMARY KEY (`id`)
) ENGINE=InnoDB AUTO_INCREMENT=34 DEFAULT CHARSET=utf8 COLLATE=utf8_unicode_ci;
/*!40101 SET character_set_client = @saved_cs_client */;

--
-- Dumping data for table `nutri`
--

LOCK TABLES `nutri` WRITE;
/*!40000 ALTER TABLE `nutri` DISABLE KEYS */;
INSERT INTO `nutri` VALUES (1,'タンパク質',0,10,'2021-07-21 02:05:11','2021-07-21 02:05:11'),(2,'脂質',0,20,'2021-07-21 02:05:11','2021-07-21 02:05:11'),(3,'飽和脂肪酸',0,30,'2021-07-21 02:05:11','2021-07-21 02:05:11'),(4,'n-6系脂肪酸',0,40,'2021-07-21 02:05:11','2021-07-21 02:05:11'),(5,'n-3系脂肪酸',0,50,'2021-07-21 02:05:11','2021-07-21 02:05:11'),(6,'炭水化物',0,60,'2021-07-21 02:05:11','2021-07-21 02:05:11'),(7,'食物繊維',0,70,'2021-07-21 02:05:11','2021-07-21 02:05:11'),(8,'ビタミンA',0,80,'2021-07-21 02:05:11','2021-07-21 02:05:11'),(9,'ビタミンD',0,90,'2021-07-21 02:05:11','2021-07-21 02:05:11'),(10,'ビタミンE',0,100,'2021-07-21 02:05:11','2021-07-21 02:05:11'),(11,'ビタミンK',0,110,'2021-07-21 02:05:11','2021-07-21 02:05:11'),(12,'ビタミンB1',0,120,'2021-07-21 02:05:11','2021-07-21 02:05:11'),(13,'ビタミンB2',0,130,'2021-07-21 02:05:11','2021-07-21 02:05:11'),(14,'ビタミンB6',0,140,'2021-07-21 02:05:11','2021-07-21 02:05:11'),(15,'ビタミンB12',0,150,'2021-07-21 02:05:11','2021-07-21 02:05:11'),(16,'ナイアシン',0,160,'2021-07-21 02:05:11','2021-07-21 02:05:11'),(17,'葉酸',0,170,'2021-07-21 02:05:11','2021-07-21 02:05:11'),(18,'パントテン酸',0,180,'2021-07-21 02:05:11','2021-07-21 02:05:11'),(19,'ビオチン',0,190,'2021-07-21 02:05:11','2021-07-21 02:05:11'),(20,'ビタミンC',0,200,'2021-07-21 02:05:11','2021-07-21 02:05:11'),(21,'ナトリウム',0,210,'2021-07-21 02:05:11','2021-07-21 02:05:11'),(22,'カリウム',0,220,'2021-07-21 02:05:11','2021-07-21 02:05:11'),(23,'カルシウム',0,230,'2021-07-21 02:05:11','2021-07-21 02:05:11'),(24,'マグネシウム',0,240,'2021-07-21 02:05:11','2021-07-21 02:05:11'),(25,'リン',0,250,'2021-07-21 02:05:11','2021-07-21 02:05:11'),(26,'鉄',0,260,'2021-07-21 02:05:11','2021-07-21 02:05:11'),(27,'亜鉛',0,270,'2021-07-21 02:05:11','2021-07-21 02:05:11'),(28,'銅',0,280,'2021-07-21 02:05:11','2021-07-21 02:05:11'),(29,'マンガン',0,290,'2021-07-21 02:05:11','2021-07-21 02:05:11'),(30,'ヨウ素',0,300,'2021-07-21 02:05:11','2021-07-21 02:05:11'),(31,'セレン',0,310,'2021-07-21 02:05:11','2021-07-21 02:05:11'),(32,'クロム',0,320,'2021-07-21 02:05:11','2021-07-21 02:05:11'),(33,'モリブデン',0,330,'2021-07-21 02:05:11','2021-07-21 02:05:11');
/*!40000 ALTER TABLE `nutri` ENABLE KEYS */;
UNLOCK TABLES;

--
-- Table structure for table `password_resets`
--

DROP TABLE IF EXISTS `password_resets`;
/*!40101 SET @saved_cs_client     = @@character_set_client */;
/*!40101 SET character_set_client = utf8 */;
CREATE TABLE `password_resets` (
  `email` varchar(255) COLLATE utf8_unicode_ci NOT NULL,
  `token` varchar(255) COLLATE utf8_unicode_ci NOT NULL,
  `created_at` timestamp NULL DEFAULT NULL,
  KEY `password_resets_email_index` (`email`)
) ENGINE=InnoDB DEFAULT CHARSET=utf8 COLLATE=utf8_unicode_ci;
/*!40101 SET character_set_client = @saved_cs_client */;

--
-- Dumping data for table `password_resets`
--

LOCK TABLES `password_resets` WRITE;
/*!40000 ALTER TABLE `password_resets` DISABLE KEYS */;
/*!40000 ALTER TABLE `password_resets` ENABLE KEYS */;
UNLOCK TABLES;

--
-- Table structure for table `user`
--

DROP TABLE IF EXISTS `user`;
/*!40101 SET @saved_cs_client     = @@character_set_client */;
/*!40101 SET character_set_client = utf8 */;
CREATE TABLE `user` (
  `id` bigint(20) unsigned NOT NULL AUTO_INCREMENT,
  `name` varchar(255) COLLATE utf8_unicode_ci NOT NULL,
  `display_name` varchar(255) COLLATE utf8_unicode_ci NOT NULL,
  `role` varchar(255) COLLATE utf8_unicode_ci NOT NULL DEFAULT 'admin',
  `email` varchar(255) COLLATE utf8_unicode_ci DEFAULT NULL,
  `email_verified_at` timestamp NULL DEFAULT NULL,
  `password` varchar(255) COLLATE utf8_unicode_ci NOT NULL,
  `remember_token` varchar(100) COLLATE utf8_unicode_ci DEFAULT NULL,
  `last_datetime` datetime DEFAULT NULL,
  `last_action` varchar(255) COLLATE utf8_unicode_ci DEFAULT NULL,
  `last_user_id` bigint(20) DEFAULT NULL COMMENT '編集者のuser_ID',
  `created_at` timestamp NULL DEFAULT NULL,
  `updated_at` timestamp NULL DEFAULT NULL,
  PRIMARY KEY (`id`)
) ENGINE=InnoDB AUTO_INCREMENT=3 DEFAULT CHARSET=utf8 COLLATE=utf8_unicode_ci;
/*!40101 SET character_set_client = @saved_cs_client */;

--
-- Dumping data for table `user`
--

LOCK TABLES `user` WRITE;
/*!40000 ALTER TABLE `user` DISABLE KEYS */;
INSERT INTO `user` VALUES (1,'nutri_bdd_admin','開発者用管理者','admin','mizuno_k+nutri_bdd_admin@cranpun.sub.jp','2021-07-21 02:05:11','$2y$10$Sbjg0oCnsavSp71.IJvtEuiiFAc9S6vgBpX.3AwanJkzJk88rCG.C',NULL,NULL,NULL,NULL,'2021-07-21 02:05:11','2021-07-21 02:05:11'),(2,'updatebdd_test_admin','updatebddテスト用管理者','admin',NULL,NULL,'$2y$10$ZRD6cX2epmCcy72JWOuG5OpX96L6HZDT5ivMMYZvGhiDiZuVSZOhi',NULL,NULL,NULL,1,'2021-07-21 02:05:21','2021-07-21 02:06:15');
/*!40000 ALTER TABLE `user` ENABLE KEYS */;
UNLOCK TABLES;
/*!40103 SET TIME_ZONE=@OLD_TIME_ZONE */;

/*!40101 SET SQL_MODE=@OLD_SQL_MODE */;
/*!40014 SET FOREIGN_KEY_CHECKS=@OLD_FOREIGN_KEY_CHECKS */;
/*!40014 SET UNIQUE_CHECKS=@OLD_UNIQUE_CHECKS */;
/*!40101 SET CHARACTER_SET_CLIENT=@OLD_CHARACTER_SET_CLIENT */;
/*!40101 SET CHARACTER_SET_RESULTS=@OLD_CHARACTER_SET_RESULTS */;
/*!40101 SET COLLATION_CONNECTION=@OLD_COLLATION_CONNECTION */;
/*!40111 SET SQL_NOTES=@OLD_SQL_NOTES */;

-- Dump completed on 2021-07-21 11:06:17
